model,rank,mean_cv_score,std_cv_score,C,penalty,max_depth,max_features,min_samples_leaf,min_samples_split,n_estimators,learning_rate,subsample
LogisticRegression,1,0.6141906283280085,0.011251140626738309,0.019069601332062702,l1,,,,,,,
LogisticRegression,1,0.6141906283280085,0.011251140626738309,0.017638479543546873,l1,,,,,,,
LogisticRegression,1,0.6141906283280085,0.011251140626738309,0.016619869571874963,l1,,,,,,,
LogisticRegression,4,0.6135434586712541,0.022351143706866132,0.5813871723938724,l1,,,,,,,
LogisticRegression,5,0.6129044810354716,0.027914422951235696,2.5323705703376085,l1,,,,,,,
LogisticRegression,5,0.6129044810354716,0.027914422951235696,2.2944454507602003,l1,,,,,,,
LogisticRegression,5,0.6129044810354716,0.026718686750205216,0.28006820077310235,l2,,,,,,,
LogisticRegression,5,0.6129044810354716,0.027914422951235696,2.2111606565860846,l1,,,,,,,
LogisticRegression,5,0.6129044810354716,0.026718686750205216,0.2669312199932473,l2,,,,,,,
LogisticRegression,10,0.6129044810354715,0.022931724589044997,0.608143840335186,l1,,,,,,,
LogisticRegression,10,0.6129044810354715,0.022931724589044997,0.6403036652671171,l1,,,,,,,
LogisticRegression,10,0.6129044810354715,0.022931724589044997,0.6400547563489187,l1,,,,,,,
LogisticRegression,13,0.6122655033996888,0.02741552073208307,1.1435780278433403,l1,,,,,,,
LogisticRegression,14,0.6122655033996887,0.028653455083924247,2.077346035713884,l1,,,,,,,
LogisticRegression,14,0.6122655033996887,0.027040638972845126,3.0031735625850406,l1,,,,,,,
LogisticRegression,16,0.6122634553944459,0.02676679578223634,0.17885301261862016,l2,,,,,,,
LogisticRegression,17,0.6122634553944458,0.022634379755864523,0.5002711478256536,l1,,,,,,,
LogisticRegression,18,0.612261407389203,0.024737187204591286,0.0754944044042274,l2,,,,,,,
LogisticRegression,19,0.61225935938396,0.027429858962559714,0.06797417150006559,l2,,,,,,,
LogisticRegression,20,0.611626525763906,0.028153146746308935,1.7316120634454757,l1,,,,,,,
LogisticRegression,20,0.611626525763906,0.027788217840798636,24.361092841799916,l1,,,,,,,
LogisticRegression,20,0.611626525763906,0.0265099102135879,0.3475312670241052,l2,,,,,,,
LogisticRegression,20,0.611626525763906,0.0265099102135879,0.32613327839065587,l2,,,,,,,
LogisticRegression,20,0.611626525763906,0.027788217840798636,15.436560150278346,l1,,,,,,,
LogisticRegression,20,0.611626525763906,0.028153146746308935,1.5409457762881555,l1,,,,,,,
LogisticRegression,20,0.611626525763906,0.027788217840798636,17.561803816666714,l1,,,,,,,
LogisticRegression,20,0.611626525763906,0.027788217840798636,3.642109088285166,l1,,,,,,,
LogisticRegression,20,0.611626525763906,0.027788217840798636,12.304779330083704,l1,,,,,,,
LogisticRegression,20,0.611626525763906,0.028153146746308935,1.4711215379121974,l1,,,,,,,
LogisticRegression,20,0.611626525763906,0.0265099102135879,1.084354380985256,l1,,,,,,,
LogisticRegression,20,0.611626525763906,0.0265099102135879,0.37253938395788866,l2,,,,,,,
LogisticRegression,20,0.611626525763906,0.0265099102135879,1.0907475835157696,l1,,,,,,,
LogisticRegression,20,0.611626525763906,0.027788217840798636,27.107267702922165,l1,,,,,,,
LogisticRegression,20,0.611626525763906,0.0265099102135879,0.3133046924111914,l2,,,,,,,
LogisticRegression,20,0.611626525763906,0.0265099102135879,0.325975879331736,l2,,,,,,,
LogisticRegression,20,0.611626525763906,0.027788217840798636,18.409723989839065,l1,,,,,,,
LogisticRegression,20,0.611626525763906,0.027788217840798636,17.512533320961847,l1,,,,,,,
LogisticRegression,20,0.611626525763906,0.027788217840798636,11.137963167994647,l1,,,,,,,
LogisticRegression,20,0.611626525763906,0.027788217840798636,24.37055163238541,l1,,,,,,,
LogisticRegression,20,0.611626525763906,0.027788217840798636,16.63664324117345,l1,,,,,,,
LogisticRegression,20,0.611626525763906,0.0265099102135879,1.0768254179081211,l1,,,,,,,
LogisticRegression,20,0.611626525763906,0.027788217840798636,17.624510039685536,l1,,,,,,,
LogisticRegression,20,0.611626525763906,0.027788217840798636,4.41606889511859,l1,,,,,,,
LogisticRegression,20,0.611626525763906,0.027788217840798636,12.193011993958969,l1,,,,,,,
LogisticRegression,20,0.611626525763906,0.027788217840798636,9.805638874011498,l1,,,,,,,
LogisticRegression,46,0.611624477758663,0.025838407491756615,0.13359166801651828,l2,,,,,,,
LogisticRegression,46,0.611624477758663,0.02744749004383593,0.19334182249909163,l2,,,,,,,
LogisticRegression,46,0.611624477758663,0.025838407491756615,0.9846738873614566,l1,,,,,,,
LogisticRegression,46,0.611624477758663,0.025838407491756615,0.9870231353474848,l1,,,,,,,
LogisticRegression,46,0.611624477758663,0.02744749004383593,0.19172239802201455,l2,,,,,,,
LogisticRegression,46,0.611624477758663,0.02744749004383593,0.22464831849863526,l2,,,,,,,
LogisticRegression,46,0.611624477758663,0.024707536563684237,0.0942773986792575,l2,,,,,,,
LogisticRegression,46,0.611624477758663,0.024707536563684237,0.09022004468565618,l2,,,,,,,
LogisticRegression,46,0.611624477758663,0.024707536563684237,0.0945695189734589,l2,,,,,,,
LogisticRegression,55,0.6109875481281233,0.027257066045382798,1.0710256549997939,l2,,,,,,,
LogisticRegression,55,0.6109875481281233,0.027257066045382798,1.323641090303255,l2,,,,,,,
LogisticRegression,55,0.6109875481281233,0.027257066045382798,11.155915875984507,l2,,,,,,,
LogisticRegression,55,0.6109875481281233,0.027257066045382798,4.376044634724401,l2,,,,,,,
LogisticRegression,55,0.6109875481281233,0.027257066045382798,15.01455544253768,l2,,,,,,,
LogisticRegression,55,0.6109875481281233,0.027257066045382798,12.082571285529134,l2,,,,,,,
LogisticRegression,55,0.6109875481281233,0.027257066045382798,10.89433625813222,l2,,,,,,,
LogisticRegression,55,0.6109875481281233,0.027257066045382798,0.6173195203695122,l2,,,,,,,
LogisticRegression,55,0.6109875481281233,0.027257066045382798,30.117434768033753,l1,,,,,,,
LogisticRegression,55,0.6109875481281233,0.027257066045382798,26.08562787757692,l2,,,,,,,
LogisticRegression,55,0.6109875481281233,0.027257066045382798,50.42156513154771,l2,,,,,,,
LogisticRegression,55,0.6109875481281233,0.027257066045382798,67.15784571880683,l1,,,,,,,
LogisticRegression,55,0.6109875481281233,0.027257066045382798,1.6821470258034157,l2,,,,,,,
LogisticRegression,55,0.6109875481281233,0.027257066045382798,8.44701480894304,l2,,,,,,,
LogisticRegression,55,0.6109875481281233,0.027257066045382798,17.11219463152207,l2,,,,,,,
LogisticRegression,55,0.6109875481281233,0.027257066045382798,28.855777187934113,l1,,,,,,,
LogisticRegression,55,0.6109875481281233,0.027257066045382798,78.42676320619432,l1,,,,,,,
LogisticRegression,55,0.6109875481281233,0.027257066045382798,1.5193684044578604,l2,,,,,,,
LogisticRegression,55,0.6109875481281233,0.027257066045382798,18.017036467538937,l2,,,,,,,
LogisticRegression,55,0.6109875481281233,0.027257066045382798,50.38403230651898,l1,,,,,,,
LogisticRegression,55,0.6109875481281233,0.027257066045382798,0.7084445284509013,l2,,,,,,,
LogisticRegression,55,0.6109875481281233,0.027257066045382798,89.1803660289781,l2,,,,,,,
LogisticRegression,55,0.6109875481281233,0.027257066045382798,0.7268793746774284,l2,,,,,,,
LogisticRegression,55,0.6109875481281233,0.027257066045382798,58.25849149538056,l1,,,,,,,
LogisticRegression,55,0.6109875481281233,0.027257066045382798,1.4689898077648815,l2,,,,,,,
LogisticRegression,55,0.6109875481281233,0.027257066045382798,34.77998816092338,l1,,,,,,,
LogisticRegression,55,0.6109875481281233,0.027257066045382798,0.9761125443110458,l2,,,,,,,
LogisticRegression,55,0.6109875481281233,0.027257066045382798,7.510418138777549,l2,,,,,,,
LogisticRegression,55,0.6109875481281233,0.027257066045382798,85.98737339212276,l2,,,,,,,
LogisticRegression,55,0.6109875481281233,0.027257066045382798,63.95288218539363,l1,,,,,,,
LogisticRegression,55,0.6109875481281233,0.027257066045382798,0.5414413211338525,l2,,,,,,,
LogisticRegression,55,0.6109875481281233,0.027257066045382798,0.4994139416350945,l2,,,,,,,
LogisticRegression,55,0.6109875481281233,0.027257066045382798,1.3076473382928542,l2,,,,,,,
LogisticRegression,55,0.6109875481281233,0.027257066045382798,14.528246637516036,l2,,,,,,,
LogisticRegression,55,0.6109875481281233,0.027257066045382798,1.2357483710912178,l2,,,,,,,
LogisticRegression,55,0.6109875481281233,0.027257066045382798,55.51721685244721,l2,,,,,,,
LogisticRegression,55,0.6109875481281233,0.027257066045382798,13.783040076490773,l2,,,,,,,
LogisticRegression,55,0.6109875481281233,0.027257066045382798,20.045786085337323,l1,,,,,,,
LogisticRegression,55,0.6109875481281233,0.027257066045382798,27.254117335304073,l2,,,,,,,
LogisticRegression,55,0.6109875481281233,0.027257066045382798,36.830088529547496,l2,,,,,,,
LogisticRegression,55,0.6109875481281233,0.027257066045382798,0.580898004431162,l2,,,,,,,
LogisticRegression,55,0.6109875481281233,0.027257066045382798,9.527157550070955,l2,,,,,,,
LogisticRegression,55,0.6109875481281233,0.027257066045382798,31.77534582118829,l1,,,,,,,
LogisticRegression,55,0.6109875481281233,0.027257066045382798,27.469483513225182,l2,,,,,,,
LogisticRegression,55,0.6109875481281233,0.027257066045382798,0.5542030950268272,l2,,,,,,,
LogisticRegression,55,0.6109875481281233,0.027257066045382798,73.92266140516048,l1,,,,,,,
LogisticRegression,55,0.6109875481281233,0.027257066045382798,2.054051942538845,l2,,,,,,,
LogisticRegression,55,0.6109875481281233,0.027257066045382798,1.1219752813215704,l2,,,,,,,
LogisticRegression,55,0.6109875481281233,0.027257066045382798,2.136051813824949,l2,,,,,,,
LogisticRegression,55,0.6109875481281233,0.027257066045382798,37.566296134528514,l1,,,,,,,
LogisticRegression,55,0.6109875481281233,0.027257066045382798,0.6553013900933984,l2,,,,,,,
LogisticRegression,106,0.6109834521176374,0.02480934514896772,0.08777815504719653,l2,,,,,,,
LogisticRegression,107,0.6109773081019088,0.02799698943701955,0.06046293018986845,l2,,,,,,,
LogisticRegression,107,0.6109773081019088,0.02799698943701955,0.06078083099681954,l2,,,,,,,
LogisticRegression,109,0.6103588105185549,0.006836112655615276,0.03283428574426108,l1,,,,,,,
LogisticRegression,110,0.6103485704923405,0.026776418494438053,3.254021513867687,l2,,,,,,,
LogisticRegression,110,0.6103485704923405,0.026776418494438053,3.4702669886504163,l2,,,,,,,
LogisticRegression,112,0.6103444744818547,0.025430065844460777,0.08583743499363283,l2,,,,,,,
LogisticRegression,112,0.6103444744818547,0.022354037174582758,0.4108318894699929,l1,,,,,,,
LogisticRegression,112,0.6103444744818547,0.022354037174582758,0.4206039057901998,l1,,,,,,,
LogisticRegression,115,0.6096973048251004,0.027886845662706827,0.04661686413912769,l2,,,,,,,
LogisticRegression,115,0.6096973048251004,0.028893547717092505,0.055724717190635986,l2,,,,,,,
LogisticRegression,117,0.6090767592365036,0.008561161653183672,0.026558434508499887,l1,,,,,,,
LogisticRegression,117,0.6090767592365036,0.010868625089800625,0.03334792728637585,l1,,,,,,,
LogisticRegression,119,0.6084193495535349,0.027389782310601792,0.04236414938631994,l2,,,,,,,
LogisticRegression,119,0.6084193495535349,0.027389782310601792,0.04292436152765813,l2,,,,,,,
LogisticRegression,119,0.6084193495535349,0.027389782310601792,0.04263777426608203,l2,,,,,,,
LogisticRegression,122,0.6077865159334808,0.022716009415449864,0.3829829643669139,l1,,,,,,,
LogisticRegression,123,0.6077844679282379,0.024891040186246702,0.03730610475453591,l2,,,,,,,
LogisticRegression,123,0.6077844679282379,0.024891040186246702,0.03588488911386258,l2,,,,,,,
LogisticRegression,123,0.6077844679282379,0.024891040186246702,0.03469796137671062,l2,,,,,,,
LogisticRegression,126,0.6077803719177521,0.0263903301411791,0.04130614451133169,l2,,,,,,,
LogisticRegression,127,0.6071475382976981,0.022320484276848754,0.35787924535023224,l1,,,,,,,
LogisticRegression,128,0.6065065126566724,0.024232186355504354,0.033412293739533895,l2,,,,,,,
LogisticRegression,128,0.6065065126566724,0.024232186355504354,0.03376642609117894,l2,,,,,,,
LogisticRegression,130,0.6058736790366183,0.02864662471125958,0.07267981828498535,l1,,,,,,,
LogisticRegression,131,0.6052326533955927,0.02736485687601023,0.0745934328572655,l1,,,,,,,
LogisticRegression,132,0.605226509379864,0.02615738080565786,0.02708359186801681,l2,,,,,,,
LogisticRegression,133,0.6045957237650528,0.026257818254978554,0.07092404574999811,l1,,,,,,,
LogisticRegression,133,0.6045957237650528,0.026257818254978554,0.07051350138071674,l1,,,,,,,
LogisticRegression,135,0.6045936757598099,0.025189936995837808,0.061991000078022655,l1,,,,,,,
LogisticRegression,136,0.6033054804620301,0.02629103516412255,0.026278760309075225,l2,,,,,,,
LogisticRegression,137,0.6026787908577045,0.016072073163079705,0.050737814374886406,l1,,,,,,,
LogisticRegression,138,0.6026767428524616,0.024216743624807958,0.06578820119123178,l1,,,,,,,
LogisticRegression,139,0.6026644548210044,0.025401515943724497,0.2655521712973634,l1,,,,,,,
LogisticRegression,140,0.6020275251904644,0.025604129766677267,0.024992040097457077,l2,,,,,,,
LogisticRegression,141,0.6014008355861391,0.020406222497403783,0.0010090061869151559,l2,,,,,,,
LogisticRegression,142,0.6013987875808962,0.023859938230287744,0.002263104379175706,l2,,,,,,,
LogisticRegression,143,0.6013864995494389,0.027026639910685327,0.19069966103000435,l1,,,,,,,
LogisticRegression,144,0.6007639059555993,0.022335923378852506,0.0012313366837328327,l2,,,,,,,
LogisticRegression,145,0.6007618579503564,0.022100461938807946,0.0016520335344561749,l2,,,,,,,
LogisticRegression,145,0.6007618579503564,0.02438414334883698,0.002634509839733607,l2,,,,,,,
LogisticRegression,147,0.6007598099451135,0.024677149699213214,0.0019517224641449498,l2,,,,,,,
LogisticRegression,147,0.6007598099451135,0.024677149699213214,0.0019145111285710716,l2,,,,,,,
LogisticRegression,147,0.6007598099451135,0.0201056904385132,0.0010615105476491013,l2,,,,,,,
LogisticRegression,150,0.6007577619398706,0.020342003807221166,0.004982752357076452,l2,,,,,,,
LogisticRegression,150,0.6007577619398706,0.020446602280643898,0.005959476116841321,l2,,,,,,,
LogisticRegression,150,0.6007577619398706,0.020446602280643898,0.006398916399944081,l2,,,,,,,
LogisticRegression,153,0.6007475219136561,0.02685220860337944,0.21568228019263963,l1,,,,,,,
LogisticRegression,154,0.6007454739084132,0.02990237926739858,0.14858392535729498,l1,,,,,,,
LogisticRegression,155,0.6001228803145737,0.021198853299826154,0.001537237406084697,l2,,,,,,,
LogisticRegression,155,0.6001228803145737,0.021198853299826154,0.0015991003111214825,l2,,,,,,,
LogisticRegression,157,0.6001126402883592,0.016418731196985236,0.013891530890192499,l2,,,,,,,
LogisticRegression,157,0.6001126402883592,0.016418731196985236,0.014271483774997191,l2,,,,,,,
LogisticRegression,157,0.6001126402883592,0.016418731196985236,0.013931273790066699,l2,,,,,,,
LogisticRegression,160,0.6001105922831161,0.018238088200529513,0.0161905444947165,l2,,,,,,,
LogisticRegression,161,0.5994839026787909,0.0210285318848174,0.0014340571602734114,l2,,,,,,,
LogisticRegression,162,0.5994798066683051,0.023914119185817425,0.003584710633004181,l2,,,,,,,
LogisticRegression,163,0.599479806668305,0.02214106168699639,0.00396251783257234,l2,,,,,,,
LogisticRegression,163,0.599479806668305,0.02214106168699639,0.003974905761171867,l2,,,,,,,
LogisticRegression,165,0.5994716146473336,0.018706081225119752,0.0165938903838158,l2,,,,,,,
LogisticRegression,166,0.5994695666420906,0.02682206594066373,0.1557294017048926,l1,,,,,,,
LogisticRegression,167,0.5988428770377652,0.021648505850989288,0.0014857392806279248,l2,,,,,,,
LogisticRegression,167,0.5988428770377652,0.021648505850989288,0.001463031458362092,l2,,,,,,,
LogisticRegression,169,0.5988326370115507,0.019976333424220828,0.021572728182603827,l2,,,,,,,
LogisticRegression,169,0.5988326370115507,0.01914612246102924,0.009867611000082873,l2,,,,,,,
LogisticRegression,169,0.5988326370115507,0.019976333424220828,0.019100059404114827,l2,,,,,,,
LogisticRegression,172,0.5988305890063079,0.025737152083965115,0.15876781526924,l1,,,,,,,
LogisticRegression,173,0.5988285410010651,0.02670727886215352,0.1746307482810358,l1,,,,,,,
LogisticRegression,174,0.5988285410010649,0.028339073315963307,0.13833139021965044,l1,,,,,,,
LogisticRegression,174,0.5988285410010649,0.028339073315963307,0.14445251022763064,l1,,,,,,,
LogisticRegression,176,0.5981957073810108,0.019509293643980203,0.008567424667875058,l2,,,,,,,
LogisticRegression,176,0.5981957073810108,0.019509293643980203,0.008263688714158009,l2,,,,,,,
LogisticRegression,176,0.5981957073810108,0.019509293643980203,0.008260808399079604,l2,,,,,,,
LogisticRegression,179,0.5981936593757681,0.018908976765698682,0.018151456496577567,l2,,,,,,,
LogisticRegression,179,0.5981936593757681,0.018908976765698682,0.018602746573007426,l2,,,,,,,
LogisticRegression,179,0.5981936593757681,0.018908976765698682,0.018655987639968855,l2,,,,,,,
LogisticRegression,182,0.5981895633652823,0.02646411691866679,0.16949768237884735,l1,,,,,,,
LogisticRegression,183,0.5700335872859835,0.017115353197218828,0.011997897226934482,l1,,,,,,,
LogisticRegression,183,0.5700335872859835,0.017115353197218828,0.01322350388953718,l1,,,,,,,
LogisticRegression,183,0.5700335872859835,0.017115353197218828,0.01110089778294341,l1,,,,,,,
LogisticRegression,183,0.5700335872859835,0.017115353197218828,0.011081373371594254,l1,,,,,,,
LogisticRegression,187,0.5527811911198492,0.027535435898227437,0.009548041810464166,l1,,,,,,,
LogisticRegression,188,0.5361677725894978,0.026394775473657584,0.009467055845337144,l1,,,,,,,
LogisticRegression,189,0.5233882198738428,0.022775217973776594,0.008780829445364948,l1,,,,,,,
LogisticRegression,190,0.5054395019251249,0.0007926177180300956,0.0050654860639753555,l1,,,,,,,
LogisticRegression,190,0.5054395019251249,0.0007926177180300956,0.0010656401760606447,l1,,,,,,,
LogisticRegression,190,0.5054395019251249,0.0007926177180300956,0.006704010646472257,l1,,,,,,,
LogisticRegression,190,0.5054395019251249,0.0007926177180300956,0.0043181981126981985,l1,,,,,,,
LogisticRegression,194,0.5003112967969198,0.005488125212183159,0.0035502556123130774,l1,,,,,,,
LogisticRegression,194,0.5003112967969198,0.005488125212183159,0.003463037026119184,l1,,,,,,,
LogisticRegression,194,0.5003112967969198,0.005488125212183159,0.002999511852989261,l1,,,,,,,
LogisticRegression,194,0.5003112967969198,0.005488125212183159,0.001210428510799503,l1,,,,,,,
LogisticRegression,194,0.5003112967969198,0.005488125212183159,0.001512555673639756,l1,,,,,,,
LogisticRegression,194,0.5003112967969198,0.005488125212183159,0.0029401794589686376,l1,,,,,,,
LogisticRegression,194,0.5003112967969198,0.005488125212183159,0.001323060891154841,l1,,,,,,,
RandomForest,1,0.7383079380683215,0.014231132052528373,,,30,0.3,1.0,6.0,367.0,,
RandomForest,2,0.7370258867862702,0.017604856056558593,,,,sqrt,1.0,4.0,705.0,,
RandomForest,3,0.735741787498976,0.018151948437195725,,,10,0.3,1.0,4.0,662.0,,
RandomForest,4,0.7344597362169247,0.019326123418008396,,,15,sqrt,3.0,6.0,696.0,,
RandomForest,5,0.7338350946178422,0.0111971127639367,,,25,sqrt,1.0,2.0,166.0,,
RandomForest,6,0.7338248545916277,0.019103888631272534,,,30,0.3,1.0,6.0,267.0,,
RandomForest,7,0.7325428033095764,0.02364741596424849,,,30,sqrt,4.0,5.0,119.0,,
RandomForest,8,0.7325387072990907,0.019099837220180382,,,20,sqrt,4.0,6.0,253.0,,
RandomForest,9,0.7319222577209799,0.015375590281937478,,,20,sqrt,5.0,2.0,107.0,,
RandomForest,10,0.7319120176947653,0.015811471383950247,,,,log2,2.0,6.0,785.0,,
RandomForest,11,0.7312709920537397,0.019697181656507082,,,30,log2,5.0,9.0,153.0,,
RandomForest,12,0.7306402064389286,0.00908105847482512,,,20,0.3,1.0,2.0,305.0,,
RandomForest,13,0.7306258704022283,0.02042860232677032,,,25,log2,3.0,10.0,245.0,,
RandomForest,14,0.7299868927664456,0.016072946344260094,,,25,0.3,1.0,5.0,306.0,,
RandomForest,15,0.7299787007454739,0.019116118018006074,,,,0.5,4.0,13.0,739.0,,
RandomForest,16,0.7293561071516343,0.008805736674116682,,,30,0.3,3.0,3.0,731.0,,
RandomForest,17,0.7293479151306628,0.012967430663646324,,,30,0.3,2.0,7.0,788.0,,
RandomForest,18,0.7293397231096913,0.021038774790264596,,,20,log2,4.0,16.0,504.0,,
RandomForest,19,0.7293397231096912,0.021611315235650203,,,25,sqrt,3.0,14.0,766.0,,
RandomForest,20,0.7287191775210945,0.019001273444783116,,,20,sqrt,5.0,7.0,77.0,,
RandomForest,21,0.7287068894896371,0.017164644111421903,,,20,sqrt,4.0,2.0,629.0,,
RandomForest,22,0.7287048414843942,0.021337233415464923,,,,sqrt,5.0,7.0,631.0,,
RandomForest,23,0.7287027934791512,0.02088546709593936,,,25,log2,5.0,2.0,509.0,,
RandomForest,24,0.7286925534529368,0.023245808967941806,,,10,0.3,1.0,7.0,329.0,,
RandomForest,25,0.7280699598590973,0.015435847715285455,,,20,0.7,1.0,8.0,570.0,,
RandomForest,26,0.7280679118538544,0.016244705291781375,,,20,log2,2.0,3.0,212.0,,
RandomForest,27,0.7280658638486115,0.019163040709720764,,,25,log2,5.0,2.0,423.0,,
RandomForest,28,0.7280638158433687,0.018546076017467193,,,15,log2,2.0,14.0,790.0,,
RandomForest,29,0.7274371262390432,0.008977319727684613,,,30,0.7,4.0,7.0,371.0,,
RandomForest,30,0.7274248382075859,0.022366660471714334,,,10,sqrt,2.0,13.0,596.0,,
RandomForest,31,0.727422790202343,0.023293531587106387,,,30,sqrt,3.0,14.0,397.0,,
RandomForest,32,0.7267858605718032,0.015600837721396532,,,15,log2,6.0,5.0,488.0,,
RandomForest,32,0.7267858605718032,0.01686024343183801,,,25,log2,3.0,9.0,735.0,,
RandomForest,34,0.7267817645613173,0.019618758874493672,,,20,0.5,2.0,7.0,560.0,,
RandomForest,35,0.7267797165560743,0.02077463508580611,,,15,0.3,6.0,18.0,250.0,,
RandomForest,36,0.7261571229622349,0.013095390734023316,,,20,0.7,3.0,7.0,643.0,,
RandomForest,37,0.7261530269517491,0.015986575180593886,,,30,sqrt,5.0,17.0,708.0,,
RandomForest,38,0.7261468829360205,0.014640080067430459,,,,log2,6.0,6.0,188.0,,
RandomForest,39,0.7261468829360204,0.015975406578621457,,,15,log2,2.0,4.0,355.0,,
RandomForest,40,0.7261386909150488,0.023542288746938422,,,30,0.5,3.0,16.0,193.0,,
RandomForest,41,0.7255099533054805,0.020094671773496737,,,15,sqrt,1.0,9.0,83.0,,
RandomForest,42,0.7255058572949947,0.017441872451779073,,,,0.5,2.0,10.0,395.0,,
RandomForest,43,0.7255017612845089,0.021584639934920796,,,20,sqrt,2.0,18.0,127.0,,
RandomForest,43,0.7255017612845089,0.0193925848956106,,,10,log2,5.0,2.0,333.0,,
RandomForest,45,0.7254976652740232,0.023195090584369228,,,15,log2,4.0,15.0,320.0,,
RandomForest,46,0.7254956172687802,0.02205251305691107,,,,log2,1.0,12.0,331.0,,
RandomForest,47,0.7248730236749407,0.01970072722071589,,,20,0.7,3.0,13.0,74.0,,
RandomForest,48,0.7248689276644549,0.013351829408409618,,,15,0.7,4.0,6.0,456.0,,
RandomForest,49,0.7248668796592119,0.02285844847023286,,,20,0.7,1.0,17.0,238.0,,
RandomForest,50,0.724864831653969,0.017767450097652297,,,15,sqrt,4.0,11.0,116.0,,
RandomForest,51,0.7242279020234292,0.014886495507907712,,,30,0.7,1.0,14.0,328.0,,
RandomForest,52,0.7242258540181863,0.01721386113414581,,,15,log2,6.0,7.0,562.0,,
RandomForest,53,0.7242217580077005,0.01929563503578634,,,15,0.3,6.0,8.0,140.0,,
RandomForest,54,0.7242197100024577,0.021717117124188355,,,20,log2,6.0,5.0,773.0,,
RandomForest,55,0.724211517981486,0.02498332174129139,,,20,0.5,5.0,8.0,245.0,,
RandomForest,56,0.7235930203981322,0.01872622731238771,,,10,0.7,3.0,2.0,466.0,,
RandomForest,57,0.7235889243876465,0.018334803281768536,,,,0.5,4.0,6.0,595.0,,
RandomForest,58,0.7235889243876464,0.015564631540904952,,,25,0.7,2.0,14.0,175.0,,
RandomForest,59,0.7235868763824036,0.017804966538923155,,,10,0.7,2.0,9.0,410.0,,
RandomForest,60,0.7235868763824035,0.01769141990712746,,,30,0.7,4.0,14.0,209.0,,
RandomForest,61,0.7229601867780782,0.010256793023410714,,,,0.3,3.0,2.0,428.0,,
RandomForest,62,0.7229581387728354,0.010507974226795872,,,25,sqrt,4.0,19.0,437.0,,
RandomForest,63,0.7229540427623495,0.012721456864103836,,,15,sqrt,5.0,18.0,351.0,,
RandomForest,64,0.722945850741378,0.018502039133252084,,,10,0.7,2.0,6.0,515.0,,
RandomForest,65,0.7229294666994347,0.028248871066344983,,,25,0.5,3.0,16.0,141.0,,
RandomForest,66,0.7223191611370525,0.014811280111186641,,,30,log2,3.0,18.0,182.0,,
RandomForest,67,0.7223130171213239,0.017343930430021026,,,20,log2,5.0,14.0,90.0,,
RandomForest,67,0.7223130171213239,0.015731235264443144,,,,0.7,5.0,7.0,486.0,,
RandomForest,69,0.722310969116081,0.016530479107222388,,,30,0.7,3.0,13.0,775.0,,
RandomForest,70,0.7223089211108381,0.015942263206194487,,,15,0.3,5.0,5.0,614.0,,
RandomForest,71,0.722308921110838,0.01740821611430565,,,,0.3,4.0,16.0,352.0,,
RandomForest,72,0.7223068731055952,0.018019311718691755,,,10,log2,3.0,13.0,616.0,,
RandomForest,72,0.7223068731055952,0.017443651391376058,,,15,0.5,4.0,12.0,689.0,,
RandomForest,74,0.7223048251003523,0.019259319346857193,,,,0.7,2.0,16.0,277.0,,
RandomForest,74,0.7223048251003523,0.01724612264477834,,,30,sqrt,7.0,14.0,742.0,,
RandomForest,76,0.7223048251003522,0.020889064768102508,,,,0.5,5.0,6.0,209.0,,
RandomForest,76,0.7223048251003522,0.019048894756927243,,,30,log2,7.0,15.0,265.0,,
RandomForest,78,0.7222986810846237,0.022577776224512666,,,,sqrt,6.0,17.0,398.0,,
RandomForest,79,0.7216678954698125,0.020507828506032857,,,10,sqrt,4.0,13.0,494.0,,
RandomForest,79,0.7216678954698125,0.016290908392936267,,,30,0.7,5.0,6.0,763.0,,
RandomForest,81,0.7216658474645696,0.017192252005248508,,,15,sqrt,6.0,13.0,438.0,,
RandomForest,82,0.7216617514540837,0.02365325441803122,,,,0.5,1.0,13.0,608.0,,
RandomForest,83,0.7210412058654871,0.01362622554614518,,,20,log2,3.0,18.0,169.0,,
RandomForest,84,0.7210391578602442,0.01290814732486939,,,,sqrt,3.0,3.0,102.0,,
RandomForest,85,0.7210248218235439,0.01978881883984226,,,20,log2,7.0,4.0,457.0,,
RandomForest,85,0.7210248218235439,0.017727315709612182,,,15,0.3,1.0,18.0,221.0,,
RandomForest,87,0.7210248218235437,0.02355661942402387,,,10,0.7,2.0,13.0,463.0,,
RandomForest,88,0.7210145817973295,0.023610972369818534,,,15,sqrt,6.0,14.0,748.0,,
RandomForest,89,0.7203960842139756,0.022183434649631947,,,30,0.7,6.0,4.0,125.0,,
RandomForest,90,0.7203837961825184,0.020931914486173743,,,10,0.5,1.0,2.0,740.0,,
RandomForest,91,0.7203817481772754,0.023896612421645827,,,25,log2,5.0,17.0,262.0,,
RandomForest,92,0.7203797001720323,0.02010196132874213,,,15,0.5,2.0,15.0,425.0,,
RandomForest,93,0.7203735561563038,0.02381845276976829,,,10,0.5,2.0,18.0,145.0,,
RandomForest,94,0.7191140329319243,0.0175761742915429,,,25,0.7,3.0,9.0,332.0,,
RandomForest,95,0.7191119849266816,0.012607320663024231,,,30,0.5,3.0,2.0,739.0,,
RandomForest,96,0.7191078889161956,0.017329529373691064,,,10,0.5,4.0,4.0,560.0,,
RandomForest,97,0.7191037929057098,0.018207698900100912,,,30,sqrt,8.0,11.0,651.0,,
RandomForest,98,0.7191017449004671,0.021528454990358777,,,10,0.3,3.0,16.0,712.0,,
RandomForest,99,0.7190996968952239,0.023115268779205982,,,,0.7,1.0,18.0,748.0,,
RandomForest,100,0.7184648152699271,0.01870320041602577,,,20,0.5,7.0,5.0,734.0,,
RandomForest,101,0.7184648152699269,0.020374898597217795,,,30,0.3,6.0,17.0,569.0,,
RandomForest,102,0.7184607192594413,0.0198314683207643,,,15,0.5,4.0,16.0,695.0,,
RandomForest,103,0.717831981649873,0.01807492155643847,,,10,0.5,7.0,10.0,689.0,,
RandomForest,104,0.7178237896289014,0.022975296873964476,,,15,sqrt,8.0,15.0,449.0,,
RandomForest,105,0.7178196936184158,0.021185431429720483,,,30,0.5,8.0,10.0,292.0,,
RandomForest,106,0.7178176456131729,0.021692966513241305,,,20,sqrt,6.0,18.0,560.0,,
RandomForest,107,0.7178155976079298,0.02623949202845493,,,10,0.5,5.0,5.0,276.0,,
RandomForest,108,0.7172032440403047,0.016375256717316676,,,,0.7,4.0,9.0,184.0,,
RandomForest,109,0.7171930040140901,0.01705170739485705,,,20,sqrt,7.0,19.0,437.0,,
RandomForest,110,0.7171909560088474,0.02453385397354784,,,10,sqrt,1.0,17.0,509.0,,
RandomForest,111,0.7171889080036047,0.020382359359386926,,,30,0.7,5.0,15.0,627.0,,
RandomForest,112,0.7171848119931188,0.020642506741140345,,,20,0.5,8.0,18.0,379.0,,
RandomForest,112,0.7171848119931188,0.019312758503528774,,,15,0.5,8.0,4.0,244.0,,
RandomForest,114,0.7171704759564186,0.029470355668765325,,,,0.7,7.0,7.0,525.0,,
RandomForest,115,0.7165581223887935,0.008417586569986741,,,25,0.3,6.0,2.0,72.0,,
RandomForest,116,0.7165540263783076,0.013847817910967447,,,10,0.3,4.0,14.0,91.0,,
RandomForest,117,0.7165519783730645,0.018107105231179428,,,25,0.7,4.0,16.0,705.0,,
RandomForest,118,0.7165478823625788,0.015512028128206956,,,,sqrt,8.0,16.0,591.0,,
RandomForest,118,0.7165478823625788,0.017372053301271173,,,10,0.3,6.0,15.0,719.0,,
RandomForest,118,0.7165478823625788,0.021092659833141736,,,30,sqrt,9.0,18.0,274.0,,
RandomForest,121,0.716545834357336,0.023065918513662714,,,15,0.7,8.0,16.0,84.0,,
RandomForest,122,0.7159150487425248,0.016125392446849837,,,30,log2,8.0,9.0,418.0,,
RandomForest,123,0.7159048087163102,0.018214443973628536,,,15,0.5,7.0,3.0,436.0,,
RandomForest,124,0.7159027607110675,0.02300301255080715,,,10,0.3,6.0,7.0,628.0,,
RandomForest,125,0.7159007127058246,0.021373546320959377,,,,0.5,8.0,12.0,278.0,,
RandomForest,126,0.7158986647005816,0.02590932266491311,,,20,0.5,8.0,17.0,307.0,,
RandomForest,127,0.715278119111985,0.01958879854902715,,,20,log2,7.0,10.0,77.0,,
RandomForest,128,0.7152658310805275,0.018490113383506857,,,20,sqrt,8.0,4.0,738.0,,
RandomForest,128,0.7152658310805275,0.017111708244609114,,,25,sqrt,8.0,7.0,623.0,,
RandomForest,128,0.7152658310805275,0.019139048943824656,,,,0.7,4.0,14.0,781.0,,
RandomForest,131,0.7152637830752846,0.02223734278037585,,,15,0.7,8.0,5.0,139.0,,
RandomForest,132,0.7152617350700418,0.02436694794572993,,,,0.7,7.0,11.0,149.0,,
RandomForest,133,0.7146289014499878,0.015869311133452187,,,30,log2,8.0,2.0,522.0,,
RandomForest,134,0.7146268534447449,0.01749843484621852,,,30,0.3,7.0,6.0,523.0,,
RandomForest,135,0.7146268534447447,0.020605188886588355,,,,0.5,8.0,12.0,548.0,,
RandomForest,136,0.7146186614237733,0.02550428744918519,,,,0.5,1.0,18.0,491.0,,
RandomForest,137,0.7139940198246908,0.019182711267437445,,,25,0.5,3.0,6.0,54.0,,
RandomForest,138,0.713989923814205,0.018045763883655704,,,30,sqrt,8.0,7.0,457.0,,
RandomForest,139,0.713987875808962,0.022362099192097293,,,15,log2,6.0,19.0,147.0,,
RandomForest,140,0.7139858278037192,0.019422409725413713,,,10,0.5,8.0,2.0,677.0,,
RandomForest,141,0.7133591381993938,0.014762166696095905,,,15,0.3,9.0,6.0,567.0,,
RandomForest,142,0.713355042188908,0.019713843157245878,,,,0.7,6.0,8.0,223.0,,
RandomForest,143,0.7133509461784222,0.01934566826439386,,,15,0.7,5.0,7.0,148.0,,
RandomForest,144,0.7133468501679363,0.019413587774024472,,,,sqrt,9.0,14.0,794.0,,
RandomForest,145,0.7127140165478825,0.017024315548316037,,,25,0.3,9.0,18.0,673.0,,
RandomForest,146,0.7127078725321537,0.01862345704741318,,,,log2,9.0,4.0,560.0,,
RandomForest,147,0.712699680511182,0.02141397220000881,,,30,sqrt,6.0,18.0,510.0,,
RandomForest,148,0.712066846891128,0.017817686337828195,,,10,0.3,7.0,7.0,753.0,,
RandomForest,148,0.712066846891128,0.018717453251695767,,,30,0.5,9.0,11.0,541.0,,
RandomForest,150,0.712064798885885,0.022149298938021488,,,30,0.5,8.0,8.0,171.0,,
RandomForest,151,0.7120607028753995,0.02274865371471701,,,30,0.3,8.0,11.0,497.0,,
RandomForest,152,0.7120586548701564,0.025808893002271818,,,,0.7,9.0,18.0,599.0,,
RandomForest,153,0.7114381092815597,0.015318400731631598,,,15,0.3,9.0,4.0,202.0,,
RandomForest,154,0.711434013271074,0.015134462765146517,,,,log2,8.0,14.0,349.0,,
RandomForest,155,0.7107950356352912,0.015004455160479626,,,,0.3,9.0,8.0,767.0,,
RandomForest,156,0.7107888916195625,0.01949765463610919,,,25,0.5,9.0,9.0,774.0,,
RandomForest,157,0.7101581060047515,0.012900539949360731,,,10,0.3,9.0,6.0,274.0,,
RandomForest,158,0.70951298435324,0.017194567574870475,,,,log2,8.0,9.0,344.0,,
RandomForest,159,0.7095068403375112,0.01972770813307796,,,20,log2,9.0,19.0,683.0,,
RandomForest,160,0.7088760547227,0.0161039107373358,,,10,sqrt,8.0,5.0,471.0,,
RandomForest,161,0.7082268370607029,0.01856453165154248,,,20,0.5,9.0,5.0,443.0,,
RandomForest,161,0.7082268370607029,0.02543698824283021,,,10,0.7,9.0,3.0,59.0,,
RandomForest,163,0.7069529777996232,0.014667298822693929,,,10,0.5,9.0,19.0,96.0,,
RandomForest,164,0.7063180961743262,0.018709689066680458,,,10,log2,9.0,11.0,784.0,,
RandomForest,165,0.7056770705333006,0.015212346103851755,,,,0.3,9.0,18.0,111.0,,
RandomForest,166,0.7056750225280577,0.01872975267081274,,,10,log2,8.0,16.0,423.0,,
RandomForest,167,0.7056750225280576,0.0195742804266629,,,10,sqrt,9.0,4.0,708.0,,
RandomForest,168,0.7056565904808716,0.027482912248940044,,,,sqrt,6.0,17.0,88.0,,
RandomForest,169,0.7050237568608175,0.02492166105931863,,,10,0.3,8.0,5.0,713.0,,
RandomForest,170,0.7037560416154666,0.016835523677176552,,,30,sqrt,8.0,13.0,82.0,,
RandomForest,171,0.7018370607028753,0.014022689953877024,,,30,0.3,9.0,16.0,64.0,,
RandomForest,172,0.699920127795527,0.020886823826072307,,,10,sqrt,7.0,6.0,77.0,,
RandomForest,173,0.6788092897517817,0.019247678450973575,,,5,0.7,9.0,16.0,170.0,,
RandomForest,174,0.6781764561317277,0.010437507575198958,,,5,0.7,2.0,14.0,124.0,,
RandomForest,175,0.6749651839108708,0.01494672138294209,,,5,0.5,9.0,18.0,574.0,,
RandomForest,176,0.674326206275088,0.01920438988643087,,,5,0.5,9.0,8.0,239.0,,
RandomForest,177,0.6736810846235766,0.018171667887270752,,,5,0.5,3.0,2.0,374.0,,
RandomForest,178,0.6730502990087655,0.018486445672844545,,,5,0.7,5.0,7.0,388.0,,
RandomForest,179,0.6724031293520111,0.016443687001105198,,,5,sqrt,2.0,17.0,650.0,,
RandomForest,180,0.67113541410666,0.018842273311068573,,,5,0.7,7.0,11.0,221.0,,
RandomForest,181,0.6704800524289343,0.016819952487526064,,,5,0.5,2.0,6.0,90.0,,
RandomForest,182,0.6698513148193659,0.025537083169587006,,,5,0.7,9.0,18.0,524.0,,
RandomForest,182,0.6698513148193659,0.022475705683235397,,,5,0.7,3.0,12.0,707.0,,
RandomForest,184,0.6685733595478005,0.017222945297389675,,,5,0.7,8.0,8.0,52.0,,
RandomForest,185,0.6685549275006144,0.023047688677825025,,,5,0.3,3.0,3.0,357.0,,
RandomForest,186,0.6679302859015319,0.018780080327825247,,,5,log2,3.0,8.0,175.0,,
RandomForest,187,0.6679302859015318,0.015263547716366862,,,5,log2,7.0,18.0,741.0,,
RandomForest,188,0.667928237896289,0.01646993465100529,,,5,log2,5.0,8.0,661.0,,
RandomForest,189,0.6679261898910462,0.02485622376819203,,,5,log2,2.0,18.0,153.0,,
RandomForest,190,0.6679261898910461,0.018495240425300225,,,5,log2,4.0,19.0,779.0,,
RandomForest,191,0.6672892602605063,0.020631363706285842,,,5,log2,3.0,8.0,193.0,,
RandomForest,192,0.6672872122552633,0.030468749904216146,,,5,sqrt,1.0,8.0,135.0,,
RandomForest,193,0.6672851642500204,0.025364017506457722,,,5,0.7,8.0,3.0,645.0,,
RandomForest,194,0.6672831162447775,0.01818709651570544,,,5,0.3,1.0,15.0,506.0,,
RandomForest,195,0.6666564266404522,0.014991034656789437,,,5,log2,7.0,15.0,272.0,,
RandomForest,196,0.6666441386089947,0.020545721291992797,,,5,log2,3.0,8.0,290.0,,
RandomForest,197,0.6628123207995411,0.015558986570424226,,,5,0.3,5.0,15.0,269.0,,
RandomForest,198,0.6609076759236504,0.015798008452421856,,,5,0.3,2.0,19.0,84.0,,
RandomForest,199,0.6589600229376587,0.02007590460287415,,,5,0.3,5.0,2.0,313.0,,
RandomForest,200,0.6551384451544195,0.01168934654758312,,,5,sqrt,4.0,18.0,51.0,,
GradientBoosting,1,0.7280699598590973,0.017066480760859704,,,7,log2,,13.0,222.0,0.014001084651129406,0.9879515306830556
GradientBoosting,2,0.7229478987466209,0.023008133857785436,,,7,sqrt,,15.0,269.0,0.010381566724838311,0.618401056808701
GradientBoosting,3,0.7223130171213239,0.024384937507774488,,,6,0.7,,7.0,414.0,0.013508653414628626,0.6777520135979492
GradientBoosting,4,0.7222966330793807,0.025658710251036724,,,7,sqrt,,14.0,282.0,0.014283687149235943,0.7219125032632117
GradientBoosting,5,0.721674039485541,0.01864250069779268,,,6,log2,,10.0,483.0,0.007365184263402633,0.9567587635107107
GradientBoosting,6,0.7216699434750552,0.02059503806403086,,,6,0.5,,9.0,238.0,0.028057582076672527,0.8387400631785948
GradientBoosting,7,0.7210391578602442,0.015756863620868027,,,6,0.7,,2.0,313.0,0.05035036158228284,0.8807867509030813
GradientBoosting,8,0.7210248218235439,0.01926678345388218,,,7,1.0,,4.0,197.0,0.02190433809862893,0.730383562080754
GradientBoosting,9,0.7210207258130582,0.02422922289021319,,,7,sqrt,,6.0,282.0,0.005788677667540798,0.7423965937087944
GradientBoosting,10,0.7171807159826329,0.024016886841359546,,,6,sqrt,,10.0,251.0,0.014248240795147813,0.9211413794392046
GradientBoosting,11,0.7146268534447449,0.024589467378796564,,,6,0.7,,7.0,371.0,0.005438197391106644,0.830399367122264
GradientBoosting,12,0.7139858278037192,0.023941811975631454,,,5,0.5,,9.0,198.0,0.055153279219602745,0.9036143382155399
GradientBoosting,13,0.7133529941836653,0.02170723488511896,,,7,1.0,,4.0,221.0,0.022949120907478242,0.8550229885420852
GradientBoosting,14,0.713338658146965,0.022467695071768153,,,7,log2,,11.0,435.0,0.013086015777062652,0.7290203056954402
GradientBoosting,15,0.7120750389120998,0.016100512237414575,,,7,0.5,,18.0,229.0,0.03766328966389965,0.6155338937717693
GradientBoosting,16,0.7120545588596705,0.03435080347154272,,,6,1.0,,7.0,388.0,0.009821541311477817,0.8325221668907129
GradientBoosting,16,0.7120545588596705,0.025058812189614605,,,7,log2,,5.0,359.0,0.02100836027186265,0.6125253169822235
GradientBoosting,18,0.7114381092815597,0.025192759147975016,,,6,log2,,15.0,387.0,0.1061630880118024,0.7942455014344907
GradientBoosting,19,0.711429917260588,0.02007602368883706,,,7,0.5,,17.0,214.0,0.01532196219135012,0.6564327395110854
GradientBoosting,20,0.7107929876300483,0.013776243965961455,,,6,sqrt,,5.0,210.0,0.039429229486265996,0.6072301454462083
GradientBoosting,21,0.710782747603834,0.0278689573535197,,,6,0.5,,3.0,219.0,0.01273774216719405,0.9232481518257668
GradientBoosting,22,0.7101417219628082,0.023417840343969647,,,7,log2,,11.0,310.0,0.07704353465934474,0.625349988189107
GradientBoosting,23,0.7101376259523224,0.03278807041819338,,,5,0.7,,6.0,342.0,0.026612668776043027,0.7637646608764962
GradientBoosting,24,0.7095211763742115,0.024511335805185476,,,5,log2,,11.0,495.0,0.24184635903411095,0.9706635463175177
GradientBoosting,25,0.7095027443270254,0.022408782043238096,,,7,0.7,,6.0,253.0,0.006031531620590304,0.6068644407327001
GradientBoosting,26,0.7094966003112968,0.028657279767901615,,,5,log2,,3.0,492.0,0.02365177136144419,0.7424386903591385
GradientBoosting,27,0.7082473171131319,0.01982913704745389,,,5,0.5,,11.0,409.0,0.07889123120884048,0.8333567179064482
GradientBoosting,28,0.7075980994511346,0.025897035123296525,,,4,0.5,,3.0,357.0,0.030440942484637173,0.8189785227596447
GradientBoosting,29,0.7075858114196774,0.02136814513850127,,,5,0.5,,18.0,177.0,0.04861356098726004,0.8273234413341887
GradientBoosting,30,0.7069673138363235,0.012893907586049346,,,7,log2,,12.0,242.0,0.17409758966405317,0.6331194671700505
GradientBoosting,31,0.7069591218153519,0.03110979583391612,,,3,1.0,,13.0,404.0,0.06354251001371093,0.9793813227848627
GradientBoosting,32,0.706955025804866,0.027541004324173064,,,6,log2,,11.0,139.0,0.10242719393976185,0.736249827785696
GradientBoosting,33,0.7069447857786516,0.019902705883125024,,,5,sqrt,,2.0,368.0,0.01071546507346848,0.7245777056182565
GradientBoosting,34,0.7062914721061685,0.03424103665647825,,,6,0.5,,8.0,290.0,0.005620931047896532,0.7257423924305306
GradientBoosting,35,0.7056791185385435,0.022186422206313543,,,6,0.5,,12.0,380.0,0.0628098518429692,0.6468268065710423
GradientBoosting,36,0.705666830507086,0.024694496653804326,,,5,0.5,,10.0,296.0,0.010108536479512934,0.6206541911498051
GradientBoosting,37,0.7056627344966003,0.024334806790562817,,,6,0.5,,5.0,334.0,0.00564981740356137,0.7685698202369992
GradientBoosting,38,0.7050360448922749,0.02139685858686023,,,6,0.5,,6.0,102.0,0.21123798815999664,0.9779062919529712
GradientBoosting,38,0.7050360448922749,0.019395027032205747,,,7,sqrt,,19.0,138.0,0.14033844590496375,0.8586659676468653
GradientBoosting,40,0.7050299008765463,0.023936849778203668,,,4,0.5,,18.0,478.0,0.031160630407136836,0.7510903789760677
GradientBoosting,41,0.7044032112722208,0.02206690951649558,,,6,1.0,,16.0,373.0,0.08070226957571461,0.8889010273572264
GradientBoosting,42,0.7044011632669779,0.016746089415993707,,,5,0.5,,16.0,141.0,0.19523395095915436,0.8315459582030235
GradientBoosting,43,0.7043970672564923,0.026912099333691927,,,7,0.5,,6.0,54.0,0.012653907179124733,0.6942766984259999
GradientBoosting,44,0.7043827312197919,0.030299133535935368,,,4,0.5,,5.0,409.0,0.038961485769414966,0.8832290311184181
GradientBoosting,45,0.7037580896207094,0.020318084857005595,,,7,1.0,,8.0,286.0,0.0520129380794192,0.8159364365206693
GradientBoosting,46,0.7031191119849266,0.013981233057413386,,,5,0.7,,4.0,401.0,0.12425250460420069,0.7895846561051489
GradientBoosting,47,0.7031088719587122,0.023087840281137004,,,4,sqrt,,14.0,250.0,0.07746862821913841,0.9083648814983287
GradientBoosting,48,0.7025026624068158,0.017131796566398502,,,7,log2,,4.0,312.0,0.35347380986089955,0.8639936184136716
GradientBoosting,49,0.7018411567133611,0.010977254609104153,,,7,0.7,,18.0,163.0,0.056789162587184305,0.7988047795284996
GradientBoosting,50,0.7018370607028753,0.02022894057484501,,,7,1.0,,16.0,277.0,0.16152531180145796,0.7828000877126713
GradientBoosting,51,0.7018350126976325,0.02658612592800805,,,5,log2,,18.0,182.0,0.039883282910423236,0.9185887102695509
GradientBoosting,52,0.7018329646923895,0.01925517320993883,,,7,0.7,,13.0,93.0,0.0924224586049431,0.7666039791481465
GradientBoosting,53,0.7018268206766609,0.027869354073178712,,,5,1.0,,15.0,422.0,0.011302938462690128,0.9533976089065036
GradientBoosting,54,0.7012124191037928,0.00948101592659298,,,7,0.7,,13.0,231.0,0.1605929126294161,0.882033745718664
GradientBoosting,55,0.7012062750880643,0.01294963610118855,,,4,sqrt,,16.0,313.0,0.06884256445475248,0.639776557103738
GradientBoosting,56,0.7012001310723355,0.02179160786687023,,,5,sqrt,,18.0,337.0,0.017718771126303632,0.6187585871164879
GradientBoosting,57,0.7011919390513639,0.028745101208450956,,,4,0.7,,17.0,318.0,0.03324128581134581,0.9878147468456636
GradientBoosting,58,0.7011755550094209,0.028576682475678825,,,5,sqrt,,13.0,438.0,0.054865205039198714,0.6353632893462586
GradientBoosting,59,0.7005672974522815,0.022484474549714563,,,7,0.7,,9.0,262.0,0.14240131377112586,0.7554709158757928
GradientBoosting,60,0.7005509134103383,0.01743350794554406,,,4,0.7,,7.0,490.0,0.05833002845469693,0.7246888271182192
GradientBoosting,61,0.7005488654050953,0.031806110498419485,,,6,1.0,,12.0,301.0,0.006099438099978179,0.6295186258941595
GradientBoosting,62,0.6998935037273695,0.02978394414916009,,,7,sqrt,,9.0,286.0,0.03834197359768028,0.7119735587783771
GradientBoosting,63,0.6992729581387729,0.02414966099456885,,,4,0.7,,6.0,313.0,0.020206962415301913,0.9079974212394444
GradientBoosting,64,0.6992606701073154,0.025129304740213566,,,5,log2,,13.0,394.0,0.011635338541918906,0.7164916560792167
GradientBoosting,65,0.698654460555419,0.018707474043827443,,,6,1.0,,11.0,235.0,0.18976070707317058,0.6230235040066577
GradientBoosting,66,0.698631932497747,0.02034118830792573,,,5,1.0,,2.0,107.0,0.03594172808346647,0.9660854910505922
GradientBoosting,67,0.6986237404767757,0.02522102815901337,,,6,0.7,,12.0,283.0,0.30500954224303767,0.9300429325690639
GradientBoosting,68,0.6986216924715327,0.02717870836090977,,,7,0.7,,14.0,91.0,0.09257359549915649,0.7569780429690541
GradientBoosting,69,0.6980257229458507,0.01732930331299076,,,6,sqrt,,8.0,306.0,0.2631685818173899,0.7239747705074444
GradientBoosting,70,0.6979970508724502,0.023443193703283613,,,6,0.5,,12.0,150.0,0.009035885328737872,0.850375868040629
GradientBoosting,71,0.6979950028672073,0.01602745350593356,,,5,log2,,19.0,124.0,0.016609595682492304,0.9509888054108212
GradientBoosting,72,0.6979909068567215,0.0216341060733289,,,4,log2,,2.0,127.0,0.2355589614602441,0.8856236799159313
GradientBoosting,73,0.6979868108462357,0.0235089678827805,,,4,0.7,,2.0,457.0,0.1415407074849902,0.9403713795070051
GradientBoosting,74,0.69798271483575,0.02450851083000941,,,6,1.0,,15.0,84.0,0.0802663969241663,0.9290148971692676
GradientBoosting,75,0.6979765708200213,0.030320777864562755,,,5,0.7,,9.0,366.0,0.06948899885633186,0.9291161407506773
GradientBoosting,76,0.6973560252314245,0.022842962434039833,,,6,1.0,,4.0,125.0,0.4061631940305324,0.8264148841976305
GradientBoosting,77,0.6973437371999672,0.026586901167504805,,,3,1.0,,12.0,345.0,0.08040336468012388,0.7748773585428974
GradientBoosting,78,0.6967190956008847,0.014447932227044324,,,5,sqrt,,8.0,333.0,0.32339548861054146,0.980024786820322
GradientBoosting,79,0.6967109035799133,0.022271226028721326,,,4,sqrt,,18.0,418.0,0.15093415413773054,0.8021009489791429
GradientBoosting,80,0.6960842139755877,0.017971559797729932,,,6,log2,,14.0,90.0,0.017444883274451827,0.718509402281633
GradientBoosting,80,0.6960842139755877,0.0237343418609575,,,4,1.0,,18.0,458.0,0.15395482990041318,0.9474396512757841
GradientBoosting,82,0.6960739739493734,0.019873698097904006,,,7,0.7,,18.0,376.0,0.26622390431978676,0.9944004255291483
GradientBoosting,83,0.696061685917916,0.02447756263500165,,,4,0.5,,18.0,118.0,0.16573938542639996,0.9322477631150916
GradientBoosting,84,0.6954431883345621,0.019563328646033266,,,7,sqrt,,7.0,484.0,0.34179147831115975,0.928344589261341
GradientBoosting,85,0.6954165642664045,0.029290130792600132,,,4,sqrt,,14.0,195.0,0.11407084078499226,0.6347681152349695
GradientBoosting,86,0.6948062587040222,0.013749003724288182,,,5,sqrt,,9.0,462.0,0.16970028296122205,0.6302013455215557
GradientBoosting,87,0.6948042106987794,0.014107837488533611,,,7,1.0,,13.0,418.0,0.17856483048205277,0.8719379119600983
GradientBoosting,88,0.6948001146882936,0.01529421136250266,,,6,1.0,,5.0,443.0,0.14760874641175084,0.7693883769232475
GradientBoosting,89,0.6935426394691571,0.025064036388694005,,,7,0.5,,2.0,351.0,0.3695762324725577,0.6943624138380324
GradientBoosting,90,0.6935283034324569,0.021096111627907175,,,4,0.7,,4.0,356.0,0.18591820902866033,0.8721230154351118
GradientBoosting,91,0.6935160154009996,0.018054478262541192,,,3,0.5,,10.0,256.0,0.16616521031133955,0.7710164073434198
GradientBoosting,92,0.6935098713852708,0.019480504436575785,,,4,log2,,14.0,365.0,0.20782238057430322,0.8045369595443751
GradientBoosting,93,0.6935078233800278,0.02244437939752149,,,3,0.7,,11.0,391.0,0.10041781817931585,0.6547542520275229
GradientBoosting,94,0.693503727369542,0.033089200825761896,,,5,1.0,,19.0,343.0,0.05276244209842186,0.8130469065820093
GradientBoosting,95,0.6928852297861883,0.016799737948132817,,,6,1.0,,18.0,351.0,0.15646152255614007,0.9866619276174678
GradientBoosting,96,0.6922483001556484,0.015245541961298292,,,6,0.7,,2.0,303.0,0.16815076611154664,0.7735406596951893
GradientBoosting,97,0.6922339641189483,0.019408143389062722,,,4,sqrt,,6.0,166.0,0.13432604030303608,0.632349186646879
GradientBoosting,98,0.6916052265093798,0.012566660300629548,,,7,0.5,,9.0,147.0,0.3155057568943291,0.8402067441734613
GradientBoosting,99,0.6916031785041369,0.013708581902611951,,,7,log2,,4.0,162.0,0.42059547328228586,0.6592347719813599
GradientBoosting,100,0.6909621528631112,0.018001597486914375,,,3,0.7,,16.0,160.0,0.14456670345808129,0.8480291023714054
GradientBoosting,101,0.6909580568526256,0.02079676306598973,,,5,sqrt,,19.0,96.0,0.06407351848078927,0.851759455254105
GradientBoosting,102,0.6909580568526255,0.022255832694612527,,,4,sqrt,,8.0,229.0,0.04016511701951157,0.7675701798018192
GradientBoosting,103,0.6909539608421398,0.022369310804078734,,,4,0.5,,5.0,341.0,0.13773460803104526,0.8864716298931808
GradientBoosting,104,0.6903088391906282,0.024547161708344683,,,5,log2,,8.0,398.0,0.005620082821125086,0.7631937981459379
GradientBoosting,105,0.6902985991644137,0.03762224562046093,,,3,1.0,,5.0,339.0,0.03133137633494533,0.7043574493366855
GradientBoosting,106,0.6896944376177604,0.011918282709495262,,,5,log2,,7.0,355.0,0.3200900112175146,0.8359670747418533
GradientBoosting,107,0.6896739575653315,0.029337620705375524,,,4,sqrt,,18.0,367.0,0.02367011386702096,0.9887128330883843
GradientBoosting,108,0.6896514295076596,0.033407118773768923,,,4,0.5,,9.0,103.0,0.06344759940819106,0.7357084983584764
GradientBoosting,109,0.688410338330466,0.020713039039848835,,,7,1.0,,18.0,149.0,0.2248458812633091,0.6043350605921193
GradientBoosting,110,0.6877734086999263,0.017009709240117753,,,3,sqrt,,13.0,227.0,0.08524567090392457,0.8293468166687733
GradientBoosting,111,0.6877693126894404,0.018566807553017588,,,6,1.0,,10.0,282.0,0.4263916652890905,0.7396838298450643
GradientBoosting,112,0.6877590726632261,0.024990721688605874,,,6,1.0,,2.0,423.0,0.26983469088786133,0.9242213323127332
GradientBoosting,113,0.6877529286474974,0.025103303777609255,,,3,log2,,15.0,211.0,0.16049534690897307,0.7634936684392386
GradientBoosting,114,0.6871405750798723,0.008879541411828428,,,6,log2,,2.0,368.0,0.4774088539641713,0.8726010888895717
GradientBoosting,115,0.6871282870484148,0.011473484701578305,,,7,0.5,,7.0,402.0,0.21486658593482197,0.8990437520705004
GradientBoosting,116,0.6871221430326862,0.018663508522537745,,,7,1.0,,12.0,186.0,0.4256217623714436,0.6820007240212949
GradientBoosting,117,0.6871139510117146,0.02890451776925705,,,4,log2,,14.0,349.0,0.13673652732823502,0.6820310240597837
GradientBoosting,118,0.6871119030064717,0.022860364038707018,,,7,log2,,13.0,324.0,0.4308923470178797,0.7258386227237643
GradientBoosting,119,0.6864893094126321,0.019465533425275818,,,3,1.0,,12.0,375.0,0.3163112269840194,0.9657195226241996
GradientBoosting,120,0.6858318997296633,0.02242851470930876,,,6,sqrt,,5.0,288.0,0.3737915530744367,0.70490561771993
GradientBoosting,121,0.684570328500041,0.018554512243690553,,,4,0.7,,4.0,241.0,0.014432465925497013,0.858188918362867
GradientBoosting,122,0.6845580404685837,0.028632097288127174,,,3,sqrt,,12.0,490.0,0.03119708717649392,0.6453894084962356
GradientBoosting,123,0.6845478004423691,0.02232562857407173,,,3,0.7,,17.0,320.0,0.08369042894376064,0.7824279936868144
GradientBoosting,124,0.6839436388957155,0.00493423672231071,,,4,0.5,,7.0,183.0,0.32502309855389144,0.7331263143649938
GradientBoosting,125,0.6839211108380437,0.01648992471844364,,,6,log2,,14.0,175.0,0.45607383234077836,0.8533603417266903
GradientBoosting,126,0.6832985172442041,0.013328459030442006,,,5,0.7,,6.0,425.0,0.36576872572424196,0.609209041915055
GradientBoosting,127,0.683280085197018,0.019004379211932557,,,3,0.5,,13.0,334.0,0.21868736507552836,0.6277445203500661
GradientBoosting,128,0.6826411075612353,0.013804444094147963,,,6,sqrt,,3.0,59.0,0.39679832565412043,0.9730913933416053
GradientBoosting,129,0.6826390595559925,0.017737558580847426,,,4,1.0,,9.0,332.0,0.00769696550107043,0.7737577462041715
GradientBoosting,130,0.6826267715245351,0.02549554611740231,,,5,0.7,,4.0,161.0,0.37174059761243344,0.6405886171464128
GradientBoosting,131,0.6826206275088064,0.027585668179359136,,,3,1.0,,18.0,459.0,0.1069161602908112,0.7617526006196097
GradientBoosting,132,0.6813713443106415,0.024416157543920184,,,3,0.5,,17.0,193.0,0.04360851252235432,0.9341209982356952
GradientBoosting,133,0.6813426722372409,0.02966070030725003,,,3,1.0,,6.0,141.0,0.10816468288880085,0.7390476857930735
GradientBoosting,134,0.6807282706643728,0.009602673564783436,,,4,sqrt,,10.0,466.0,0.44438523386186796,0.7644826883488745
GradientBoosting,135,0.6807221266486442,0.021644816600429585,,,4,sqrt,,4.0,85.0,0.06855049131884412,0.7488072343171133
GradientBoosting,136,0.6800811010076185,0.019874972371328414,,,4,log2,,16.0,193.0,0.3982761480847725,0.7793782087913279
GradientBoosting,137,0.6788092897517818,0.018846485358272522,,,3,log2,,3.0,487.0,0.01723117798494114,0.9089273566942557
GradientBoosting,138,0.678807241746539,0.019398985875596218,,,2,0.5,,16.0,352.0,0.2726291053525769,0.7481888411165528
GradientBoosting,139,0.6787990497255674,0.029576539411677337,,,3,0.5,,13.0,267.0,0.03167180667854295,0.8344919328067189
GradientBoosting,140,0.6787990497255673,0.020663504560803115,,,4,sqrt,,5.0,99.0,0.04890168508329703,0.8650089137415928
GradientBoosting,141,0.6787908577045957,0.022129286592207493,,,4,0.5,,14.0,190.0,0.01571876109196418,0.7620808347125668
GradientBoosting,142,0.6775231424592447,0.02580639259191128,,,3,log2,,8.0,210.0,0.032490367289478635,0.6831545020584109
GradientBoosting,143,0.6775210944540018,0.018297823731395345,,,3,sqrt,,8.0,250.0,0.3560998259150808,0.8493192507310232
GradientBoosting,144,0.677516998443516,0.018380890525111916,,,4,log2,,2.0,374.0,0.00536511561166806,0.8735855077592565
GradientBoosting,145,0.6768923568444334,0.015620985428799795,,,4,0.5,,3.0,104.0,0.3388420955285064,0.8654684661450592
GradientBoosting,146,0.676884164823462,0.024221494364768923,,,3,log2,,4.0,409.0,0.027819142461428265,0.6281664523398175
GradientBoosting,147,0.6749856639632996,0.014623676139403888,,,5,0.5,,18.0,304.0,0.46802700512426854,0.9212559025519583
GradientBoosting,148,0.674961087900385,0.017426741245070425,,,5,sqrt,,7.0,83.0,0.008599479590772226,0.8216712010063174
GradientBoosting,149,0.6749549438846563,0.024134906843808958,,,3,sqrt,,13.0,132.0,0.059317534014829205,0.7515090503805157
GradientBoosting,150,0.673672892602605,0.023336112006776946,,,2,1.0,,15.0,415.0,0.25018702660354114,0.7005769758047193
GradientBoosting,151,0.6724031293520112,0.025936912570977837,,,3,0.7,,15.0,291.0,0.03980783039031472,0.7541666010159664
GradientBoosting,152,0.6723928893257967,0.02348938487244809,,,2,0.5,,4.0,338.0,0.21374347276476072,0.8423839899124046
GradientBoosting,153,0.671790775784386,0.017239078019059755,,,4,sqrt,,15.0,58.0,0.035432109813661815,0.8166536858643467
GradientBoosting,154,0.6711149340542312,0.0252200063744304,,,2,1.0,,18.0,379.0,0.2059825868506475,0.8762240929782562
GradientBoosting,155,0.6705087245023347,0.013620264064476787,,,5,0.5,,2.0,69.0,0.43147748370466593,0.6969638929660321
GradientBoosting,156,0.6698533628246088,0.017569324074773986,,,3,0.7,,15.0,265.0,0.04656032195599645,0.8882064245565859
GradientBoosting,157,0.6698431227983943,0.027670013956876165,,,3,1.0,,12.0,405.0,0.008484839934449102,0.7282568768638057
GradientBoosting,158,0.6698410747931515,0.023629815799560888,,,4,sqrt,,6.0,274.0,0.010672882067679273,0.6479461469334731
GradientBoosting,159,0.6698349307774227,0.02274659376310432,,,4,sqrt,,17.0,144.0,0.015109887884857356,0.7601201955641126
GradientBoosting,160,0.6698287867616941,0.02921950984634427,,,3,0.5,,8.0,357.0,0.013786438869824117,0.9762093057958416
GradientBoosting,161,0.6692123371835831,0.012257833377960894,,,3,0.7,,8.0,239.0,0.29209930400990025,0.6440207698110707
GradientBoosting,162,0.6692061931678545,0.025906313537425143,,,2,0.7,,16.0,497.0,0.02506841176898053,0.9456670260287612
GradientBoosting,163,0.6685672155320718,0.02556940377270527,,,3,0.5,,18.0,177.0,0.024710208398574334,0.6898419291759927
GradientBoosting,164,0.6666564266404522,0.01090365377035368,,,2,0.5,,4.0,278.0,0.07862164401400319,0.6009357562503113
GradientBoosting,165,0.666023593020398,0.009281132706627131,,,2,0.7,,2.0,305.0,0.4228730016865738,0.7941119497105262
GradientBoosting,166,0.6659990169574834,0.024860953535169532,,,3,0.7,,9.0,171.0,0.3384376631572104,0.6752484638895045
GradientBoosting,166,0.6659990169574834,0.018339717597247993,,,2,0.5,,6.0,480.0,0.2974373406609884,0.885297914889198
GradientBoosting,168,0.6653375112640288,0.03769612793139869,,,2,1.0,,12.0,199.0,0.33780168104312375,0.6880388856324389
GradientBoosting,169,0.6647435897435897,0.02625188242387187,,,2,sqrt,,2.0,499.0,0.0506303330854597,0.8174211444455954
GradientBoosting,170,0.6647251576964036,0.02349874254538272,,,2,log2,,14.0,460.0,0.3071882006883621,0.6157248559364396
GradientBoosting,171,0.6634451544195953,0.01754100601388799,,,4,sqrt,,3.0,179.0,0.4948242492659276,0.7644148053272926
GradientBoosting,172,0.6628082247890554,0.02813263511415668,,,2,1.0,,15.0,115.0,0.19169274801912106,0.9220178670077448
GradientBoosting,173,0.6628061767838125,0.020833239086626744,,,2,log2,,15.0,264.0,0.16833777889678966,0.919942102378926
GradientBoosting,174,0.662183583189973,0.02892132964149249,,,2,1.0,,4.0,193.0,0.12315934834123432,0.8948402823372077
GradientBoosting,175,0.6621692471532727,0.029666323657723013,,,2,log2,,18.0,389.0,0.041463276730235185,0.7836543024953045
GradientBoosting,176,0.6608871958712215,0.02355984641263106,,,3,0.7,,16.0,493.0,0.005381489642873985,0.6488152939379115
GradientBoosting,177,0.6602379782092241,0.028017147669044364,,,3,log2,,13.0,450.0,0.00965947156650801,0.640449070449116
GradientBoosting,178,0.6570533300565249,0.027030844052551954,,,3,0.7,,19.0,77.0,0.04230257598353509,0.6310938547859939
GradientBoosting,179,0.6564061603997706,0.02155901860982001,,,2,0.7,,10.0,100.0,0.1003932297893916,0.8945776942498891
GradientBoosting,180,0.6557815188006881,0.02360513820608646,,,2,0.7,,18.0,51.0,0.2154836904101727,0.9985014799031697
GradientBoosting,181,0.653209224215614,0.02480198477430308,,,2,0.5,,17.0,88.0,0.24906321749662333,0.7174367377057973
GradientBoosting,182,0.6512963873187515,0.026350831185388553,,,3,0.7,,7.0,435.0,0.005497167787383101,0.6727299868828402
GradientBoosting,183,0.6500040960104858,0.01923280774945587,,,2,0.5,,18.0,466.0,0.47154404318371723,0.7874772639179881
GradientBoosting,184,0.6500020480052429,0.022517060550820207,,,2,0.5,,17.0,110.0,0.19851384540756492,0.6010380097534586
GradientBoosting,185,0.6493671663799458,0.02484996394712479,,,2,0.7,,9.0,316.0,0.028669965759111685,0.918106924743956
GradientBoosting,186,0.6468337838944868,0.011168964034586072,,,4,0.5,,8.0,52.0,0.006662737901687007,0.9580827350748797
GradientBoosting,187,0.6448799868927664,0.028483635713612898,,,2,1.0,,17.0,360.0,0.03377606167705781,0.9458889505020213
GradientBoosting,188,0.6391353321864505,0.029193169024483132,,,2,0.5,,15.0,53.0,0.09245415720175122,0.6529104844501321
GradientBoosting,189,0.6346522487097567,0.020607210106074917,,,2,sqrt,,16.0,153.0,0.051374470893929366,0.9488495635776606
GradientBoosting,190,0.6295527156549521,0.012849991144192151,,,3,1.0,,19.0,84.0,0.00795290888941017,0.7346216859554906
GradientBoosting,191,0.6289075940034407,0.012629186029186463,,,3,0.7,,18.0,62.0,0.013239330332868157,0.8374369814216195
GradientBoosting,192,0.6218808880150732,0.011667417026537908,,,2,1.0,,11.0,88.0,0.015272530868998945,0.7288316662332713
GradientBoosting,193,0.6199475710657819,0.020522507196160212,,,2,0.7,,5.0,102.0,0.01929263499238995,0.9166316174903394
GradientBoosting,194,0.6186696157942164,0.01913811797133879,,,2,0.5,,12.0,343.0,0.005107801959044862,0.7385383977463845
GradientBoosting,195,0.6180388301794053,0.010338014010393312,,,2,0.7,,3.0,59.0,0.015701758157671216,0.797592594852345
GradientBoosting,196,0.6173875645121651,0.01671531845145561,,,2,sqrt,,2.0,185.0,0.010702959509924531,0.602208846849441
GradientBoosting,196,0.6173875645121651,0.018002169486452595,,,2,sqrt,,3.0,102.0,0.005821990200937928,0.7957811041110252
GradientBoosting,198,0.6161096092405998,0.015841627553013896,,,2,sqrt,,10.0,226.0,0.013314705746398177,0.8229221475560191
GradientBoosting,199,0.6122736954206603,0.015038864374479717,,,2,sqrt,,2.0,266.0,0.008168955130129702,0.8819702198755812
GradientBoosting,200,0.5304026378307528,0.018587700548814194,,,6,sqrt,,2.0,486.0,0.46989465167063893,0.6407129890481614
