model,rank,mean_cv_score,std_cv_score,alpha,max_depth,max_features,min_samples_leaf,min_samples_split,n_estimators,learning_rate,subsample
Ridge,1,0.01985122810605977,0.013286113306551703,495.353520895918,,,,,,,
Ridge,2,0.019812014190541193,0.012550314694065878,626.0516572014828,,,,,,,
Ridge,3,0.019748970377485443,0.013944929667354857,391.94067748472213,,,,,,,
Ridge,4,0.019587695347618794,0.011743005537451634,791.2342618981327,,,,,,,
Ridge,5,0.01954733793980299,0.014525963564814543,310.11689265747816,,,,,,,
Ridge,6,0.019283065653630027,0.015032142881972676,245.37511066398218,,,,,,,
Ridge,7,0.01913911297096349,0.010874768138032552,1000.0,,,,,,,
Ridge,8,0.018985882827345747,0.015468913562943479,194.14919457438816,,,,,,,
Ridge,9,0.018678459538014235,0.01584303848765134,153.61749466718297,,,,,,,
Ridge,10,0.018377196688373454,0.016161629595965,121.54742500762885,,,,,,,
Ridge,11,0.01809328195737603,0.016431522406547484,96.17248711152963,,,,,,,
Ridge,12,0.01783370950744072,0.016658977563836146,76.09496685459884,,,,,,,
Ridge,13,0.01760217603995653,0.016849612497144097,60.20894493336138,,,,,,,
Ridge,14,0.017399863453447396,0.01700844771387045,47.639380104013405,,,,,,,
Ridge,15,0.01722612991560346,0.017139980640048673,37.69390975388363,,,,,,,
Ridge,16,0.017079111988339578,0.017248243652927604,29.82471286216894,,,,,,,
Ridge,17,0.01695622690312808,0.017336837633978266,23.598334667821938,,,,,,,
Ridge,18,0.016854565444189396,0.01740894965019566,18.671810912919206,,,,,,,
Ridge,19,0.016771176195935333,0.01746736662776832,14.773776525985127,,,,,,,
Ridge,20,0.01670325280428926,0.01751449319588538,11.689518164985776,,,,,,,
Ridge,21,0.01664824266888052,0.01755237682376175,9.249147277217334,,,,,,,
Ridge,22,0.016603897342470385,0.01758273965136648,7.318242219076182,,,,,,,
Ridge,23,0.01656828319827075,0.01760701458449162,5.790443980602489,,,,,,,
Ridge,24,0.016539767418848904,0.017626382849174196,4.581597669054491,,,,,,,
Ridge,25,0.01651699045267836,0.01764181062841766,3.6251170499885355,,,,,,,
Ridge,26,0.01649883257700684,0.017654083122984013,2.868316813342012,,,,,,,
Ridge,27,0.016484379422052074,0.017663835086719055,2.269510536694671,,,,,,,
Ridge,28,0.01647288928291444,0.017671577453304714,1.795714494371641,,,,,,,
Ridge,29,0.016463763664507768,0.017677720065844487,1.4208308325339223,,,,,,,
Ridge,30,0.016456521621416486,0.017682590763077398,1.1242100350620874,,,,,,,
Ridge,31,0.01645077792632601,0.017686451202643245,0.8895134973108236,,,,,,,
Ridge,32,0.016446224811507905,0.01768950984906039,0.7038135554931562,,,,,,,
Ridge,33,0.01644261689155293,0.017691932551592043,0.5568813990945273,,,,,,,
Ridge,34,0.016439758831891194,0.017693851106663865,0.44062364277735727,,,,,,,
Ridge,35,0.016437495336568353,0.017695370155589786,0.34863652276780877,,,,,,,
Ridge,36,0.016435703064717554,0.01769657272025938,0.2758531617629184,,,,,,,
Ridge,37,0.016434284132585675,0.017697524632507743,0.21826447283974873,,,,,,,
Ridge,38,0.01643316090780369,0.017698278069943223,0.1726983290659436,,,,,,,
Ridge,39,0.01643227184995417,0.017698874373252915,0.13664483492953258,,,,,,,
Ridge,40,0.01643156819402918,0.01769934628771291,0.10811807510766078,,,,,,,
Ridge,41,0.01643101131027942,0.01769971974451896,0.08554672535565684,,,,,,,
Ridge,42,0.01643057060519666,0.017700015275117522,0.06768750009458534,,,,,,,
Ridge,43,0.016430221854401926,0.017700249133337252,0.05355666917706899,,,,,,,
Ridge,44,0.016429945879619566,0.017700434185180344,0.04237587160604064,,,,,,,
Ridge,45,0.016429727499377256,0.017700580614061434,0.03352924149249558,,,,,,,
Ridge,46,0.016429554697213543,0.01770069647957124,0.026529484644318972,,,,,,,
Ridge,47,0.016429417962561164,0.01770078816006568,0.020991037201085545,,,,,,,
Ridge,48,0.016429309768623647,0.01770086070315151,0.016608827826277157,,,,,,,
Ridge,49,0.016429224158870825,0.017700918103190005,0.013141473626117567,,,,,,,
Ridge,50,0.01642915641962117,0.017700963520983343,0.0103979841848149,,,,,,,
Ridge,51,0.0164291028208291,0.017700999457671063,0.008227241341700473,,,,,,,
Ridge,52,0.01642906041089154,0.017701027892368902,0.00650967523045817,,,,,,,
Ridge,53,0.01642902685423455,0.017701050391100863,0.005150678076168122,,,,,,,
Ridge,54,0.016429000302769104,0.0177010681930092,0.004075392965871778,,,,,,,
Ridge,55,0.01642897929415905,0.01770108227857728,0.0032245905452963947,,,,,,,
Ridge,56,0.016428962671313774,0.017701093423616303,0.002551406520031287,,,,,,,
Ridge,57,0.016428949518678192,0.017701102241987732,0.002018760254679039,,,,,,,
Ridge,58,0.01642893911181793,0.01770110921940691,0.0015973122800602539,,,,,,,
Ridge,59,0.016428930877525793,0.017701114740193525,0.0012638482029342984,,,,,,,
Ridge,60,0.01642892436225425,0.017701119108437594,0.001,,,,,,,
RandomForest,1,0.3026176616356267,0.032891389877094904,,25,sqrt,1.0,2.0,166.0,,
RandomForest,2,0.3018827622589365,0.03004323814286284,,,sqrt,1.0,4.0,705.0,,
RandomForest,3,0.2998642366664723,0.02591080742091234,,20,0.3,1.0,2.0,305.0,,
RandomForest,4,0.29839101429981285,0.0296012178238107,,25,0.3,1.0,5.0,306.0,,
RandomForest,5,0.29648828650894826,0.028152370147499627,,30,0.3,1.0,6.0,267.0,,
RandomForest,6,0.29594410602516535,0.02795088810013334,,30,0.3,1.0,6.0,367.0,,
RandomForest,7,0.29123359043486224,0.028344640242719498,,20,0.7,1.0,8.0,570.0,,
RandomForest,8,0.2885671994869759,0.02928502413811073,,,log2,2.0,6.0,785.0,,
RandomForest,9,0.28762632143958194,0.027652691986341498,,20,0.5,2.0,7.0,560.0,,
RandomForest,10,0.2868744110873228,0.028657095617405638,,30,0.3,2.0,7.0,788.0,,
RandomForest,11,0.28603804214522166,0.027104554683080494,,15,log2,2.0,4.0,355.0,,
RandomForest,12,0.2858333953330002,0.02787435386744275,,20,log2,2.0,3.0,212.0,,
RandomForest,13,0.2847779352699968,0.027797357872741898,,30,0.5,3.0,2.0,739.0,,
RandomForest,14,0.28119363940371717,0.029441253189049398,,20,0.7,3.0,7.0,643.0,,
RandomForest,15,0.28039628654251103,0.022518813175728014,,10,0.5,1.0,2.0,740.0,,
RandomForest,16,0.2801971556144382,0.026878232099375874,,,0.5,2.0,10.0,395.0,,
RandomForest,17,0.27961562576250454,0.026940171685161888,,30,0.3,3.0,3.0,731.0,,
RandomForest,18,0.27913401905352286,0.026263564110607582,,,0.3,3.0,2.0,428.0,,
RandomForest,19,0.2754024026348558,0.03159034015044311,,15,0.7,4.0,6.0,456.0,,
RandomForest,20,0.27502216061337476,0.031677259123205716,,25,0.7,3.0,9.0,332.0,,
RandomForest,21,0.27489690565688313,0.023259427935926457,,15,sqrt,1.0,9.0,83.0,,
RandomForest,22,0.2741628673760902,0.029306058043911766,,30,0.7,4.0,7.0,371.0,,
RandomForest,23,0.2740898577291061,0.028494530641221726,,,0.5,1.0,13.0,608.0,,
RandomForest,24,0.2738202818890861,0.027426595863541823,,15,sqrt,3.0,6.0,696.0,,
RandomForest,25,0.2734518638696438,0.02464097703863176,,10,0.7,2.0,6.0,515.0,,
RandomForest,26,0.27226744468360237,0.028258217770747263,,25,0.5,3.0,6.0,54.0,,
RandomForest,27,0.2713744035409117,0.02649925647644319,,,0.5,4.0,6.0,595.0,,
RandomForest,28,0.2713426269896222,0.02730746263696424,,30,0.7,1.0,14.0,328.0,,
RandomForest,29,0.2709925258823603,0.0276752876517699,,,sqrt,3.0,3.0,102.0,,
RandomForest,30,0.2703391865523079,0.02677331225995972,,10,0.7,3.0,2.0,466.0,,
RandomForest,31,0.2697670951597152,0.02341403283614944,,10,0.3,1.0,4.0,662.0,,
RandomForest,32,0.26846962551080344,0.02482238983397741,,,log2,1.0,12.0,331.0,,
RandomForest,33,0.26789447962466006,0.02987074385819872,,,0.7,4.0,9.0,184.0,,
RandomForest,34,0.26726135198717166,0.02801943284443936,,25,0.7,2.0,14.0,175.0,,
RandomForest,35,0.26721867527636783,0.027552111146023302,,30,0.7,3.0,13.0,775.0,,
RandomForest,36,0.26700756801915043,0.0290455923738362,,25,log2,3.0,9.0,735.0,,
RandomForest,37,0.26681574421225723,0.026432050729659772,,10,0.7,2.0,9.0,410.0,,
RandomForest,38,0.2633870499761745,0.028101056076952853,,25,log2,3.0,10.0,245.0,,
RandomForest,39,0.26322470043697443,0.02618577226503988,,20,0.7,3.0,13.0,74.0,,
RandomForest,40,0.2632246799873349,0.02787061651172939,,30,0.7,5.0,6.0,763.0,,
RandomForest,41,0.26312176860049435,0.024220233127636895,,20,sqrt,4.0,2.0,629.0,,
RandomForest,42,0.2629492065533012,0.02969203967425512,,,0.7,5.0,7.0,486.0,,
RandomForest,43,0.26262323125228815,0.025942274258604556,,15,0.5,4.0,12.0,689.0,,
RandomForest,44,0.2617126297763543,0.029452405067410935,,,0.7,2.0,16.0,277.0,,
RandomForest,45,0.2608855698735495,0.025761203561841153,,,0.7,1.0,18.0,748.0,,
RandomForest,46,0.2607608095995949,0.024824124196815903,,15,0.5,2.0,15.0,425.0,,
RandomForest,47,0.2605726737900869,0.02260395251846398,,20,sqrt,4.0,6.0,253.0,,
RandomForest,48,0.2599417473329814,0.027773062634381333,,,0.7,4.0,14.0,781.0,,
RandomForest,49,0.2592581161336885,0.021543164320302483,,10,0.3,1.0,7.0,329.0,,
RandomForest,50,0.2589323767071745,0.027200089659450092,,20,0.7,1.0,17.0,238.0,,
RandomForest,51,0.25820752059710383,0.030739338659092907,,15,0.7,5.0,7.0,148.0,,
RandomForest,52,0.258091808803426,0.02484370592529027,,,0.5,4.0,13.0,739.0,,
RandomForest,53,0.25797352171929855,0.015701568363704826,,30,sqrt,4.0,5.0,119.0,,
RandomForest,54,0.2579196828111934,0.024643741767766,,20,0.5,5.0,8.0,245.0,,
RandomForest,55,0.2571797370591698,0.02768101924140187,,30,0.7,4.0,14.0,209.0,,
RandomForest,56,0.2566532450798788,0.026487029749414002,,,0.5,1.0,18.0,491.0,,
RandomForest,57,0.2564868446917183,0.026240746927452152,,10,0.7,2.0,13.0,463.0,,
RandomForest,58,0.25629322113121683,0.02451259562923933,,,0.5,5.0,6.0,209.0,,
RandomForest,59,0.2548130136811239,0.02456111916230522,,25,0.7,4.0,16.0,705.0,,
RandomForest,60,0.2541180910255682,0.024467600972540145,,15,log2,2.0,14.0,790.0,,
RandomForest,61,0.25341006866061766,0.025898317139159233,,10,0.5,4.0,4.0,560.0,,
RandomForest,62,0.2526516903967271,0.02452440321520013,,30,0.5,3.0,16.0,193.0,,
RandomForest,63,0.25213963852401816,0.02596701474873558,,30,0.7,5.0,15.0,627.0,,
RandomForest,64,0.2504075784395073,0.023883336436455335,,15,0.5,4.0,16.0,695.0,,
RandomForest,65,0.24943681920073227,0.024925271489114793,,15,0.3,5.0,5.0,614.0,,
RandomForest,66,0.24941791137507324,0.024065765177745977,,25,sqrt,3.0,14.0,766.0,,
RandomForest,67,0.24895175384534363,0.02712232202184012,,,0.7,6.0,8.0,223.0,,
RandomForest,68,0.2486938139879668,0.02458850544917951,,30,sqrt,3.0,14.0,397.0,,
RandomForest,69,0.24768041587002712,0.02625785489444475,,25,0.5,3.0,16.0,141.0,,
RandomForest,70,0.24754130191428808,0.028125895402851576,,30,0.7,6.0,4.0,125.0,,
RandomForest,71,0.24576060806193256,0.025760038978777315,,25,log2,5.0,2.0,509.0,,
RandomForest,72,0.24565339978474365,0.025451995048540853,,,sqrt,5.0,7.0,631.0,,
RandomForest,73,0.24430886888316286,0.026556609407805812,,25,log2,5.0,2.0,423.0,,
RandomForest,74,0.24386161585256647,0.022314491060955285,,15,sqrt,4.0,11.0,116.0,,
RandomForest,75,0.24350420167799935,0.023227457248355027,,,0.7,7.0,7.0,525.0,,
RandomForest,76,0.2433909324985491,0.028234103345087854,,30,log2,5.0,9.0,153.0,,
RandomForest,77,0.24317990477329632,0.01926328891654945,,15,0.3,1.0,18.0,221.0,,
RandomForest,78,0.2418906578369036,0.02454990696176216,,20,sqrt,2.0,18.0,127.0,,
RandomForest,79,0.24181083846591087,0.02326260533042795,,10,0.5,5.0,5.0,276.0,,
RandomForest,80,0.2406571201041036,0.026464725391060758,,,0.3,4.0,16.0,352.0,,
RandomForest,81,0.2397729747810497,0.0319933975345688,,20,sqrt,5.0,2.0,107.0,,
RandomForest,82,0.23971765472919765,0.022660028259699254,,,0.7,7.0,11.0,149.0,,
RandomForest,83,0.2396186787077018,0.034636064411176816,,20,sqrt,5.0,7.0,77.0,,
RandomForest,84,0.23944520747921202,0.023066766074940653,,20,0.5,7.0,5.0,734.0,,
RandomForest,85,0.23829131432199285,0.02206747066973185,,15,log2,4.0,15.0,320.0,,
RandomForest,86,0.23822787670900664,0.021696694665165807,,20,log2,4.0,16.0,504.0,,
RandomForest,87,0.23767458470033348,0.02029550998799075,,30,log2,3.0,18.0,182.0,,
RandomForest,88,0.2372703068362619,0.02110420754505897,,20,log2,3.0,18.0,169.0,,
RandomForest,89,0.23722932356848955,0.02179768756547765,,15,0.5,7.0,3.0,436.0,,
RandomForest,90,0.23359047054990772,0.023981265451008656,,20,log2,6.0,5.0,773.0,,
RandomForest,91,0.23342229978781157,0.026023563287473385,,15,0.3,6.0,8.0,140.0,,
RandomForest,92,0.23315900356392652,0.027067271396704583,,25,0.3,6.0,2.0,72.0,,
RandomForest,93,0.2331503215035921,0.024334609099703423,,15,log2,6.0,5.0,488.0,,
RandomForest,94,0.23312061762818087,0.024108834930036842,,15,log2,6.0,7.0,562.0,,
RandomForest,95,0.23206315579765877,0.024096018378436692,,10,0.5,2.0,18.0,145.0,,
RandomForest,96,0.2320063860220139,0.020876634010259236,,10,sqrt,2.0,13.0,596.0,,
RandomForest,97,0.2319741770158506,0.026098433094010394,,,log2,6.0,6.0,188.0,,
RandomForest,98,0.23195812244282746,0.022944056401420394,,15,sqrt,6.0,13.0,438.0,,
RandomForest,99,0.22987911343391945,0.02102374058699697,,15,0.7,8.0,16.0,84.0,,
RandomForest,100,0.22928610418542145,0.022062309505230276,,30,0.3,6.0,17.0,569.0,,
RandomForest,101,0.22907063666738497,0.02311882391331601,,15,sqrt,6.0,14.0,748.0,,
RandomForest,102,0.22902007505457794,0.021671699488821087,,30,0.3,7.0,6.0,523.0,,
RandomForest,103,0.22871188681816146,0.020705176884639315,,10,0.5,7.0,10.0,689.0,,
RandomForest,104,0.2283922170337732,0.02240332149069158,,,0.5,8.0,12.0,548.0,,
RandomForest,105,0.22818530601765136,0.0210229419110554,,25,sqrt,4.0,19.0,437.0,,
RandomForest,106,0.22810610293697256,0.024139021578017787,,20,log2,5.0,14.0,90.0,,
RandomForest,107,0.22798163769320462,0.02264646355918074,,20,0.5,8.0,17.0,307.0,,
RandomForest,108,0.22792287028477826,0.019936678244975335,,15,0.7,8.0,5.0,139.0,,
RandomForest,109,0.22778084714377078,0.021703306789145813,,10,0.3,3.0,16.0,712.0,,
RandomForest,110,0.22701690270120176,0.02253078913064011,,30,sqrt,5.0,17.0,708.0,,
RandomForest,111,0.22679817184857107,0.023375915879927562,,25,log2,5.0,17.0,262.0,,
RandomForest,112,0.22639856289865312,0.02183003122109108,,30,0.5,8.0,10.0,292.0,,
RandomForest,113,0.2261045227841178,0.02211373649641702,,,0.5,8.0,12.0,278.0,,
RandomForest,114,0.22541895825028568,0.02328944685772431,,15,0.5,8.0,4.0,244.0,,
RandomForest,115,0.22536489241770447,0.02042374727473163,,15,0.3,6.0,18.0,250.0,,
RandomForest,116,0.22504500755265053,0.02004048494779935,,10,log2,3.0,13.0,616.0,,
RandomForest,117,0.22495581109130902,0.021209614138502805,,10,log2,5.0,2.0,333.0,,
RandomForest,118,0.2248931931475187,0.021180024421713167,,,0.7,9.0,18.0,599.0,,
RandomForest,119,0.22421877085721859,0.02369008892750689,,20,0.5,8.0,18.0,379.0,,
RandomForest,120,0.2233071502075507,0.02114527864330508,,10,sqrt,1.0,17.0,509.0,,
RandomForest,121,0.22327117989142894,0.022345153604564152,,10,0.3,6.0,7.0,628.0,,
RandomForest,122,0.22326297227652966,0.02004962225000799,,15,sqrt,5.0,18.0,351.0,,
RandomForest,123,0.2230810367117419,0.01866391249592322,,10,sqrt,4.0,13.0,494.0,,
RandomForest,124,0.22277486737011154,0.02161741827820054,,30,sqrt,7.0,14.0,742.0,,
RandomForest,125,0.22270825488004736,0.022155972321011234,,20,log2,7.0,4.0,457.0,,
RandomForest,126,0.22262678872693414,0.0210586702491517,,10,0.3,4.0,14.0,91.0,,
RandomForest,127,0.22156483205382585,0.020182988878395026,,,sqrt,6.0,17.0,398.0,,
RandomForest,128,0.2214109922383789,0.022572510097917695,,20,sqrt,6.0,18.0,560.0,,
RandomForest,129,0.22140255997689887,0.022232091702962725,,30,sqrt,6.0,18.0,510.0,,
RandomForest,130,0.22094764246710108,0.020981035683641285,,30,0.5,8.0,8.0,171.0,,
RandomForest,131,0.22061658787859786,0.020366332933904153,,30,log2,7.0,15.0,265.0,,
RandomForest,132,0.22037979113265385,0.021457631182998798,,30,0.5,9.0,11.0,541.0,,
RandomForest,133,0.220160082489457,0.021632142372833757,,20,0.5,9.0,5.0,443.0,,
RandomForest,134,0.2201097880836814,0.02008185868816078,,10,0.5,8.0,2.0,677.0,,
RandomForest,135,0.21959207024349636,0.022123440070785767,,25,0.5,9.0,9.0,774.0,,
RandomForest,136,0.21837326324413842,0.020379630598469554,,10,0.3,6.0,15.0,719.0,,
RandomForest,137,0.21766944656060577,0.021809364826977328,,30,0.3,8.0,11.0,497.0,,
RandomForest,138,0.21655197378302304,0.019141130844349142,,,sqrt,6.0,17.0,88.0,,
RandomForest,139,0.21628838061411546,0.018748801237724443,,15,log2,6.0,19.0,147.0,,
RandomForest,140,0.21537181588763826,0.019969567189447306,,10,0.3,7.0,7.0,753.0,,
RandomForest,141,0.21450032847974546,0.020073812332844023,,20,log2,7.0,10.0,77.0,,
RandomForest,142,0.21253860730774185,0.018605126865738623,,30,log2,8.0,9.0,418.0,,
RandomForest,143,0.21249929916520333,0.01900471374614416,,30,sqrt,8.0,7.0,457.0,,
RandomForest,144,0.21249674149147396,0.018939240869102827,,30,log2,8.0,2.0,522.0,,
RandomForest,145,0.21239440075195412,0.018582182350007116,,,log2,8.0,9.0,344.0,,
RandomForest,146,0.21215916344294988,0.019080492198883654,,20,sqrt,7.0,19.0,437.0,,
RandomForest,147,0.21215598913051914,0.018724649181623743,,,log2,8.0,14.0,349.0,,
RandomForest,148,0.21213316615443603,0.019328990045290585,,,sqrt,8.0,16.0,591.0,,
RandomForest,149,0.21194682646917498,0.01946138169353707,,25,sqrt,8.0,7.0,623.0,,
RandomForest,150,0.21187679581289381,0.019189749843725658,,30,sqrt,8.0,11.0,651.0,,
RandomForest,151,0.21177359763750606,0.01965270724356125,,20,sqrt,8.0,4.0,738.0,,
RandomForest,152,0.21123704986850447,0.018682548586289142,,15,sqrt,8.0,15.0,449.0,,
RandomForest,153,0.2101200833634791,0.017611352535114196,,10,0.7,9.0,3.0,59.0,,
RandomForest,154,0.20938794740973304,0.021359628476372648,,15,0.3,9.0,6.0,567.0,,
RandomForest,155,0.2092217251447784,0.02022826256575899,,25,0.3,9.0,18.0,673.0,,
RandomForest,156,0.2090084627510806,0.020574414595117302,,,0.3,9.0,8.0,767.0,,
RandomForest,157,0.20724634840470252,0.01976321698095201,,15,0.3,9.0,4.0,202.0,,
RandomForest,158,0.20675862876883885,0.015680290743200976,,10,0.5,9.0,19.0,96.0,,
RandomForest,159,0.20645485369062766,0.018223662235445515,,10,0.3,8.0,5.0,713.0,,
RandomForest,160,0.20596627333421597,0.014518158588734793,,30,sqrt,8.0,13.0,82.0,,
RandomForest,161,0.205193357609366,0.016688721217492403,,,0.3,9.0,18.0,111.0,,
RandomForest,162,0.2044399655258379,0.01997829309103855,,30,0.3,9.0,16.0,64.0,,
RandomForest,163,0.20160132253096288,0.018125418042601912,,10,0.3,9.0,6.0,274.0,,
RandomForest,164,0.20120422415918462,0.022651192787418898,,10,sqrt,7.0,6.0,77.0,,
RandomForest,165,0.20113030276173088,0.01631525060900348,,,sqrt,9.0,14.0,794.0,,
RandomForest,166,0.20081597642734922,0.015924124979514828,,20,log2,9.0,19.0,683.0,,
RandomForest,167,0.20013707485945678,0.01591801186960807,,,log2,9.0,4.0,560.0,,
RandomForest,168,0.19986769634247412,0.01777529089050253,,30,sqrt,9.0,18.0,274.0,,
RandomForest,169,0.19815527895817545,0.01684048379714902,,10,log2,8.0,16.0,423.0,,
RandomForest,170,0.19812124823979152,0.015593172690075015,,10,sqrt,8.0,5.0,471.0,,
RandomForest,171,0.1910754052348588,0.014814029082369356,,10,log2,9.0,11.0,784.0,,
RandomForest,172,0.19088123111885155,0.014447117080443661,,10,sqrt,9.0,4.0,708.0,,
RandomForest,173,0.152919549654689,0.011125965420851156,,5,0.7,5.0,7.0,388.0,,
RandomForest,174,0.1525431927339284,0.00949934058552741,,5,0.7,3.0,12.0,707.0,,
RandomForest,175,0.14930169635835272,0.010348733305552818,,5,0.7,2.0,14.0,124.0,,
RandomForest,176,0.14723360623151005,0.012091066647036753,,5,0.7,7.0,11.0,221.0,,
RandomForest,177,0.14536416122989493,0.009976888188321601,,5,0.7,8.0,3.0,645.0,,
RandomForest,178,0.145052709057635,0.0100207577068163,,5,0.5,2.0,6.0,90.0,,
RandomForest,179,0.14462909539640756,0.010744753859019353,,5,0.5,3.0,2.0,374.0,,
RandomForest,180,0.14390665710881068,0.010393235941183701,,5,0.7,9.0,18.0,524.0,,
RandomForest,181,0.14323782968922236,0.008412882203076887,,5,0.7,9.0,16.0,170.0,,
RandomForest,182,0.14203081749602373,0.012523299371642942,,5,0.7,8.0,8.0,52.0,,
RandomForest,183,0.13574273123545305,0.010496568331897214,,5,0.5,9.0,18.0,574.0,,
RandomForest,184,0.1355761907194669,0.009907684825605917,,5,0.5,9.0,8.0,239.0,,
RandomForest,185,0.1282553180904224,0.009546472895710617,,5,0.3,3.0,3.0,357.0,,
RandomForest,186,0.12511173507418577,0.00899635022532,,5,0.3,1.0,15.0,506.0,,
RandomForest,187,0.12499418763282119,0.009223794809250225,,5,0.3,5.0,2.0,313.0,,
RandomForest,188,0.12419824342045938,0.01079132589000077,,5,sqrt,1.0,8.0,135.0,,
RandomForest,189,0.1216209479010332,0.009895421166917877,,5,log2,3.0,8.0,290.0,,
RandomForest,190,0.12128888599802312,0.009592452848640848,,5,log2,3.0,8.0,193.0,,
RandomForest,191,0.12126766091325039,0.009180584090392878,,5,0.3,5.0,15.0,269.0,,
RandomForest,192,0.12125081218371428,0.009280850342037645,,5,log2,3.0,8.0,175.0,,
RandomForest,193,0.11891687575180296,0.008647653329436103,,5,log2,5.0,8.0,661.0,,
RandomForest,194,0.11833781683223496,0.008082979915083239,,5,sqrt,2.0,17.0,650.0,,
RandomForest,195,0.11794924900080213,0.009384073639641883,,5,0.3,2.0,19.0,84.0,,
RandomForest,196,0.11642740363284891,0.0073062516104640506,,5,log2,2.0,18.0,153.0,,
RandomForest,197,0.11569294353525508,0.008207313354515942,,5,log2,7.0,15.0,272.0,,
RandomForest,198,0.11536672483445776,0.007652137722777411,,5,log2,4.0,19.0,779.0,,
RandomForest,199,0.11520639107013857,0.006978023790603698,,5,log2,7.0,18.0,741.0,,
RandomForest,200,0.11300568304464931,0.00926027782431792,,5,sqrt,4.0,18.0,51.0,,
GradientBoosting,1,0.28208399785808086,0.023712396281078962,,7,1.0,,4.0,221.0,0.022949120907478242,0.8550229885420852
GradientBoosting,2,0.27778259253593596,0.023099808294963477,,7,log2,,5.0,359.0,0.02100836027186265,0.6125253169822235
GradientBoosting,3,0.2758420514375689,0.03606910428571168,,7,sqrt,,9.0,286.0,0.03834197359768028,0.7119735587783771
GradientBoosting,4,0.2724118448994461,0.02567674536041099,,7,log2,,11.0,435.0,0.013086015777062652,0.7290203056954402
GradientBoosting,5,0.27222836622246394,0.021103578387887418,,7,1.0,,4.0,197.0,0.02190433809862893,0.730383562080754
GradientBoosting,6,0.2692107701771444,0.020275079445000607,,6,0.7,,7.0,414.0,0.013508653414628626,0.6777520135979492
GradientBoosting,7,0.26656274223654997,0.01644967922782368,,6,1.0,,7.0,388.0,0.009821541311477817,0.8325221668907129
GradientBoosting,8,0.26240939275783987,0.032204977701021154,,7,0.7,,18.0,163.0,0.056789162587184305,0.7988047795284996
GradientBoosting,9,0.26215165702224497,0.023622314417711725,,6,0.5,,9.0,238.0,0.028057582076672527,0.8387400631785948
GradientBoosting,10,0.2594062513573503,0.0305366536340471,,6,sqrt,,5.0,210.0,0.039429229486265996,0.6072301454462083
GradientBoosting,11,0.25740426723845306,0.025640954666744244,,5,0.7,,6.0,342.0,0.026612668776043027,0.7637646608764962
GradientBoosting,12,0.25562726418938836,0.024272068099486673,,5,0.5,,18.0,177.0,0.04861356098726004,0.8273234413341887
GradientBoosting,13,0.2536497728529028,0.028055933702940364,,7,1.0,,8.0,286.0,0.0520129380794192,0.8159364365206693
GradientBoosting,14,0.25350563436968854,0.0221559819180842,,7,0.5,,18.0,229.0,0.03766328966389965,0.6155338937717693
GradientBoosting,15,0.2532094226695557,0.01963661460154743,,7,sqrt,,14.0,282.0,0.014283687149235943,0.7219125032632117
GradientBoosting,16,0.25239562857915854,0.015274625000763615,,7,0.5,,17.0,214.0,0.01532196219135012,0.6564327395110854
GradientBoosting,17,0.2523657557228004,0.021249045428523818,,7,log2,,13.0,222.0,0.014001084651129406,0.9879515306830556
GradientBoosting,18,0.25159806522043393,0.022132421595658168,,6,1.0,,15.0,84.0,0.0802663969241663,0.9290148971692676
GradientBoosting,19,0.25009227660063116,0.03075354624767877,,5,log2,,3.0,492.0,0.02365177136144419,0.7424386903591385
GradientBoosting,20,0.24750242865070254,0.02062482877092617,,7,0.7,,13.0,93.0,0.0924224586049431,0.7666039791481465
GradientBoosting,21,0.24686352154824523,0.029392085471660542,,6,0.7,,2.0,313.0,0.05035036158228284,0.8807867509030813
GradientBoosting,22,0.24614550902170862,0.037510013215865085,,5,0.5,,9.0,198.0,0.055153279219602745,0.9036143382155399
GradientBoosting,23,0.2454945835495546,0.025399557282877676,,5,1.0,,19.0,343.0,0.05276244209842186,0.8130469065820093
GradientBoosting,24,0.24334523077082126,0.017113388241043144,,6,0.5,,3.0,219.0,0.01273774216719405,0.9232481518257668
GradientBoosting,25,0.24331703357731738,0.024897940925043126,,4,0.5,,5.0,409.0,0.038961485769414966,0.8832290311184181
GradientBoosting,26,0.2420149540052614,0.026994683267432897,,5,sqrt,,13.0,438.0,0.054865205039198714,0.6353632893462586
GradientBoosting,27,0.24101756255182435,0.04363098416341273,,7,0.7,,14.0,91.0,0.09257359549915649,0.7569780429690541
GradientBoosting,28,0.23743362635205675,0.01966568857345096,,6,log2,,10.0,483.0,0.007365184263402633,0.9567587635107107
GradientBoosting,29,0.2342801133422122,0.017520794836948832,,7,sqrt,,15.0,269.0,0.010381566724838311,0.618401056808701
GradientBoosting,30,0.2341587889098669,0.021876283533815585,,6,sqrt,,10.0,251.0,0.014248240795147813,0.9211413794392046
GradientBoosting,31,0.23393578307679572,0.013169724566783409,,5,1.0,,15.0,422.0,0.011302938462690128,0.9533976089065036
GradientBoosting,32,0.232077724160684,0.009905390184139065,,4,0.5,,18.0,478.0,0.031160630407136836,0.7510903789760677
GradientBoosting,33,0.22943027854189735,0.022684539781222257,,5,log2,,18.0,182.0,0.039883282910423236,0.9185887102695509
GradientBoosting,34,0.22826960557975995,0.013363022883513237,,6,0.7,,7.0,371.0,0.005438197391106644,0.830399367122264
GradientBoosting,35,0.22771173292919897,0.01611511723753201,,7,0.7,,6.0,253.0,0.006031531620590304,0.6068644407327001
GradientBoosting,36,0.2268010732786009,0.039920107860597576,,6,log2,,11.0,139.0,0.10242719393976185,0.736249827785696
GradientBoosting,37,0.22665432515212683,0.023671027163128907,,5,0.7,,9.0,366.0,0.06948899885633186,0.9291161407506773
GradientBoosting,38,0.22649189710716655,0.02266905538227618,,5,1.0,,2.0,107.0,0.03594172808346647,0.9660854910505922
GradientBoosting,39,0.22534593097030892,0.021350672459174862,,4,sqrt,,14.0,250.0,0.07746862821913841,0.9083648814983287
GradientBoosting,40,0.22480775931073219,0.032029983310101574,,6,0.5,,12.0,380.0,0.0628098518429692,0.6468268065710423
GradientBoosting,41,0.22434977484507374,0.016648047810623227,,4,0.5,,3.0,357.0,0.030440942484637173,0.8189785227596447
GradientBoosting,42,0.22224770250401985,0.016923757351427128,,5,sqrt,,18.0,337.0,0.017718771126303632,0.6187585871164879
GradientBoosting,43,0.22172057075201873,0.042868860047257734,,5,0.5,,11.0,409.0,0.07889123120884048,0.8333567179064482
GradientBoosting,44,0.22062533143088076,0.02189298347374241,,4,sqrt,,14.0,195.0,0.11407084078499226,0.6347681152349695
GradientBoosting,45,0.2196191059144418,0.035071374166407585,,7,log2,,11.0,310.0,0.07704353465934474,0.625349988189107
GradientBoosting,46,0.2188541499960736,0.019756075073168233,,4,sqrt,,8.0,229.0,0.04016511701951157,0.7675701798018192
GradientBoosting,47,0.2187004989608771,0.03731974677572616,,6,1.0,,16.0,373.0,0.08070226957571461,0.8889010273572264
GradientBoosting,48,0.2172646641934536,0.0128464996619174,,6,0.5,,5.0,334.0,0.00564981740356137,0.7685698202369992
GradientBoosting,49,0.21622631919765087,0.01530642568622867,,6,1.0,,12.0,301.0,0.006099438099978179,0.6295186258941595
GradientBoosting,50,0.21604856270698053,0.029049453845369916,,4,0.7,,17.0,318.0,0.03324128581134581,0.9878147468456636
GradientBoosting,51,0.2158407260852429,0.02790752135487355,,4,0.7,,7.0,490.0,0.05833002845469693,0.7246888271182192
GradientBoosting,52,0.2157105622653913,0.024625952038684035,,4,sqrt,,16.0,313.0,0.06884256445475248,0.639776557103738
GradientBoosting,53,0.21562765346539683,0.029533297190372315,,5,sqrt,,19.0,96.0,0.06407351848078927,0.851759455254105
GradientBoosting,54,0.2154223748585146,0.0412622510652146,,7,0.5,,7.0,402.0,0.21486658593482197,0.8990437520705004
GradientBoosting,55,0.21202681383585625,0.015766948478550334,,7,sqrt,,6.0,282.0,0.005788677667540798,0.7423965937087944
GradientBoosting,56,0.21114730005129342,0.020533985552299367,,5,sqrt,,2.0,368.0,0.01071546507346848,0.7245777056182565
GradientBoosting,57,0.2100118845034793,0.02072924288335508,,5,log2,,13.0,394.0,0.011635338541918906,0.7164916560792167
GradientBoosting,58,0.2096309120754869,0.03294609972141245,,7,sqrt,,19.0,138.0,0.14033844590496375,0.8586659676468653
GradientBoosting,59,0.20380794257285206,0.0365210958376046,,6,1.0,,18.0,351.0,0.15646152255614007,0.9866619276174678
GradientBoosting,60,0.2032473089453954,0.01559804066442871,,4,sqrt,,18.0,367.0,0.02367011386702096,0.9887128330883843
GradientBoosting,61,0.20280291799564729,0.015011881199782381,,3,0.7,,17.0,320.0,0.08369042894376064,0.7824279936868144
GradientBoosting,62,0.2023766782613504,0.016379048797689817,,6,0.5,,8.0,290.0,0.005620931047896532,0.7257423924305306
GradientBoosting,63,0.20229589173248907,0.013047715850593977,,4,0.7,,6.0,313.0,0.020206962415301913,0.9079974212394444
GradientBoosting,64,0.20167525715198362,0.02233835746736623,,7,1.0,,13.0,418.0,0.17856483048205277,0.8719379119600983
GradientBoosting,65,0.19896800285891586,0.028246373165827125,,3,1.0,,13.0,404.0,0.06354251001371093,0.9793813227848627
GradientBoosting,66,0.19869365755495466,0.04898227041731939,,6,0.5,,6.0,102.0,0.21123798815999664,0.9779062919529712
GradientBoosting,67,0.19868236735965308,0.014997328257049676,,5,0.5,,10.0,296.0,0.010108536479512934,0.6206541911498051
GradientBoosting,68,0.19685951228199844,0.05045270475511255,,6,log2,,15.0,387.0,0.1061630880118024,0.7942455014344907
GradientBoosting,69,0.1962210303107826,0.01944280935207485,,3,1.0,,12.0,345.0,0.08040336468012388,0.7748773585428974
GradientBoosting,70,0.19478393048856862,0.043762843914668885,,7,0.7,,9.0,262.0,0.14240131377112586,0.7554709158757928
GradientBoosting,71,0.19283649229287894,0.015177666968185214,,3,1.0,,5.0,339.0,0.03133137633494533,0.7043574493366855
GradientBoosting,72,0.19254005766600796,0.0354532113373698,,7,1.0,,16.0,277.0,0.16152531180145796,0.7828000877126713
GradientBoosting,73,0.19247891778742182,0.011341681436385012,,4,0.5,,9.0,103.0,0.06344759940819106,0.7357084983584764
GradientBoosting,74,0.19230915472369775,0.022385931808630962,,3,sqrt,,13.0,227.0,0.08524567090392457,0.8293468166687733
GradientBoosting,75,0.19143169060433124,0.016510889780516142,,4,sqrt,,6.0,166.0,0.13432604030303608,0.632349186646879
GradientBoosting,76,0.18968987935175635,0.032739134312524135,,4,0.5,,5.0,341.0,0.13773460803104526,0.8864716298931808
GradientBoosting,77,0.18745557149689526,0.017149908164349966,,3,sqrt,,12.0,490.0,0.03119708717649392,0.6453894084962356
GradientBoosting,78,0.1868222295012603,0.05714413781932056,,7,0.7,,13.0,231.0,0.1605929126294161,0.882033745718664
GradientBoosting,79,0.1866299460200727,0.01375265292337721,,6,0.5,,12.0,150.0,0.009035885328737872,0.850375868040629
GradientBoosting,80,0.18628109308912516,0.0282889916627754,,4,log2,,2.0,127.0,0.2355589614602441,0.8856236799159313
GradientBoosting,81,0.18539122245591608,0.05067578879358832,,6,1.0,,5.0,443.0,0.14760874641175084,0.7693883769232475
GradientBoosting,82,0.1835767747165244,0.015530971597953998,,4,sqrt,,5.0,99.0,0.04890168508329703,0.8650089137415928
GradientBoosting,83,0.18334615796984316,0.01806207418127312,,3,0.7,,16.0,160.0,0.14456670345808129,0.8480291023714054
GradientBoosting,84,0.18276969902036064,0.017569668630548402,,4,sqrt,,4.0,85.0,0.06855049131884412,0.7488072343171133
GradientBoosting,85,0.18192542804721784,0.00849183844671624,,3,0.7,,15.0,291.0,0.03980783039031472,0.7541666010159664
GradientBoosting,86,0.1816975307769485,0.015345660621219549,,3,1.0,,6.0,141.0,0.10816468288880085,0.7390476857930735
GradientBoosting,87,0.1805543804149547,0.030408198387069187,,3,1.0,,18.0,459.0,0.1069161602908112,0.7617526006196097
GradientBoosting,88,0.17985196084794347,0.013955931089366942,,4,0.7,,4.0,241.0,0.014432465925497013,0.858188918362867
GradientBoosting,89,0.17875533752609807,0.012288740686084189,,3,log2,,4.0,409.0,0.027819142461428265,0.6281664523398175
GradientBoosting,90,0.17775843501874516,0.05051376704801847,,4,0.7,,2.0,457.0,0.1415407074849902,0.9403713795070051
GradientBoosting,91,0.17730835841524611,0.04162884944424864,,6,0.7,,2.0,303.0,0.16815076611154664,0.7735406596951893
GradientBoosting,92,0.17635982309394854,0.018050377151736158,,3,log2,,15.0,211.0,0.16049534690897307,0.7634936684392386
GradientBoosting,93,0.17519736807305725,0.021241502537536504,,4,0.5,,18.0,118.0,0.16573938542639996,0.9322477631150916
GradientBoosting,94,0.17499820887222725,0.03293141919451902,,5,0.7,,4.0,401.0,0.12425250460420069,0.7895846561051489
GradientBoosting,95,0.17495564586216378,0.024592582919303718,,5,0.5,,16.0,141.0,0.19523395095915436,0.8315459582030235
GradientBoosting,96,0.17433729940656822,0.014592329416185075,,5,log2,,8.0,398.0,0.005620082821125086,0.7631937981459379
GradientBoosting,97,0.17032905339261273,0.017369960422642015,,3,0.7,,15.0,265.0,0.04656032195599645,0.8882064245565859
GradientBoosting,98,0.16936181585931595,0.00929879279192055,,4,1.0,,9.0,332.0,0.00769696550107043,0.7737577462041715
GradientBoosting,99,0.1690540943028038,0.027896158190862025,,3,0.7,,11.0,391.0,0.10041781817931585,0.6547542520275229
GradientBoosting,100,0.16720051430393237,0.03698507248982887,,3,0.5,,10.0,256.0,0.16616521031133955,0.7710164073434198
GradientBoosting,101,0.1666972416726062,0.016948044872461827,,6,log2,,14.0,90.0,0.017444883274451827,0.718509402281633
GradientBoosting,102,0.1665323683430669,0.03277527454894196,,4,log2,,14.0,349.0,0.13673652732823502,0.6820310240597837
GradientBoosting,103,0.16533287597789864,0.014138475564350297,,4,0.5,,14.0,190.0,0.01571876109196418,0.7620808347125668
GradientBoosting,104,0.16471098605125714,0.010443322982405833,,3,0.5,,13.0,267.0,0.03167180667854295,0.8344919328067189
GradientBoosting,105,0.16190452395684612,0.034084279625014556,,6,1.0,,2.0,423.0,0.26983469088786133,0.9242213323127332
GradientBoosting,106,0.16124664754927173,0.014184183016919157,,5,log2,,19.0,124.0,0.016609595682492304,0.9509888054108212
GradientBoosting,107,0.16104502381239266,0.04826698491110695,,6,0.7,,12.0,283.0,0.30500954224303767,0.9300429325690639
GradientBoosting,108,0.16047511032752876,0.016178014760769497,,3,log2,,3.0,487.0,0.01723117798494114,0.9089273566942557
GradientBoosting,109,0.15955766664670165,0.01626224927360887,,3,0.5,,17.0,193.0,0.04360851252235432,0.9341209982356952
GradientBoosting,110,0.15922365475203865,0.06422982764873113,,4,sqrt,,18.0,418.0,0.15093415413773054,0.8021009489791429
GradientBoosting,111,0.155798971524518,0.03135769505297525,,4,1.0,,18.0,458.0,0.15395482990041318,0.9474396512757841
GradientBoosting,112,0.15399111718722935,0.018253525973808336,,3,log2,,8.0,210.0,0.032490367289478635,0.6831545020584109
GradientBoosting,113,0.15370011143028184,0.01062006351405085,,7,0.5,,6.0,54.0,0.012653907179124733,0.6942766984259999
GradientBoosting,114,0.15319747985021098,0.043434457590062696,,5,log2,,11.0,495.0,0.24184635903411095,0.9706635463175177
GradientBoosting,115,0.14962871649066853,0.0257843690535458,,7,0.7,,18.0,376.0,0.26622390431978676,0.9944004255291483
GradientBoosting,116,0.14878225129754397,0.016548477954167324,,3,sqrt,,13.0,132.0,0.059317534014829205,0.7515090503805157
GradientBoosting,117,0.14816110302985452,0.009967008792950554,,4,sqrt,,6.0,274.0,0.010672882067679273,0.6479461469334731
GradientBoosting,118,0.1479257763036653,0.00735987158597489,,2,0.5,,4.0,278.0,0.07862164401400319,0.6009357562503113
GradientBoosting,119,0.14756135687927435,0.010726117365745177,,2,sqrt,,2.0,499.0,0.0506303330854597,0.8174211444455954
GradientBoosting,120,0.14741612407872542,0.03747353674830915,,4,log2,,14.0,365.0,0.20782238057430322,0.8045369595443751
GradientBoosting,121,0.14572244982280513,0.009922324796680735,,2,log2,,15.0,264.0,0.16833777889678966,0.919942102378926
GradientBoosting,122,0.14466902064162798,0.05786289630419794,,7,log2,,12.0,242.0,0.17409758966405317,0.6331194671700505
GradientBoosting,123,0.1441244223542238,0.05560740481021642,,7,0.5,,9.0,147.0,0.3155057568943291,0.8402067441734613
GradientBoosting,124,0.143228856049998,0.05494091416109189,,6,sqrt,,3.0,59.0,0.39679832565412043,0.9730913933416053
GradientBoosting,125,0.14143586992252546,0.053854614632809966,,4,0.5,,3.0,104.0,0.3388420955285064,0.8654684661450592
GradientBoosting,126,0.1411459863887043,0.012099837780130693,,2,1.0,,15.0,115.0,0.19169274801912106,0.9220178670077448
GradientBoosting,127,0.14041094022779882,0.018214285147980312,,2,1.0,,4.0,193.0,0.12315934834123432,0.8948402823372077
GradientBoosting,128,0.13723084962640283,0.014221931061951201,,3,0.5,,8.0,357.0,0.013786438869824117,0.9762093057958416
GradientBoosting,129,0.1360078647252581,0.031889831604698785,,6,1.0,,11.0,235.0,0.18976070707317058,0.6230235040066577
GradientBoosting,130,0.13465003223215766,0.07371297111485106,,5,sqrt,,9.0,462.0,0.16970028296122205,0.6302013455215557
GradientBoosting,131,0.13429195794368512,0.00986415369874498,,3,1.0,,12.0,405.0,0.008484839934449102,0.7282568768638057
GradientBoosting,132,0.13381482714491388,0.04863797456387247,,4,0.7,,4.0,356.0,0.18591820902866033,0.8721230154351118
GradientBoosting,133,0.13374160603626445,0.009727267677275782,,3,0.5,,18.0,177.0,0.024710208398574334,0.6898419291759927
GradientBoosting,134,0.13098889722777501,0.03077110129329186,,2,0.5,,4.0,338.0,0.21374347276476072,0.8423839899124046
GradientBoosting,135,0.13000715421605588,0.012319410890623694,,2,log2,,18.0,389.0,0.041463276730235185,0.7836543024953045
GradientBoosting,136,0.12951411026758572,0.010796866542322646,,3,log2,,13.0,450.0,0.00965947156650801,0.640449070449116
GradientBoosting,137,0.12751494865562943,0.008780304304595279,,4,sqrt,,17.0,144.0,0.015109887884857356,0.7601201955641126
GradientBoosting,138,0.12685148281067365,0.009727287379788093,,4,log2,,2.0,374.0,0.00536511561166806,0.8735855077592565
GradientBoosting,139,0.12555152175121204,0.012297340105428432,,4,sqrt,,15.0,58.0,0.035432109813661815,0.8166536858643467
GradientBoosting,140,0.12493135230655875,0.01669240244730357,,2,0.7,,16.0,497.0,0.02506841176898053,0.9456670260287612
GradientBoosting,141,0.12329212352823418,0.03328895990153994,,2,1.0,,18.0,379.0,0.2059825868506475,0.8762240929782562
GradientBoosting,142,0.12153401866510878,0.01304777435039594,,2,1.0,,17.0,360.0,0.03377606167705781,0.9458889505020213
GradientBoosting,143,0.12119136347615393,0.00732594411886053,,3,0.7,,19.0,77.0,0.04230257598353509,0.6310938547859939
GradientBoosting,144,0.12031392378643338,0.030322133416510823,,2,0.5,,17.0,110.0,0.19851384540756492,0.6010380097534586
GradientBoosting,145,0.11888921050413064,0.007141533056389301,,3,0.7,,16.0,493.0,0.005381489642873985,0.6488152939379115
GradientBoosting,146,0.11837896516150719,0.015305876796237315,,2,0.7,,10.0,100.0,0.1003932297893916,0.8945776942498891
GradientBoosting,147,0.11760304044088905,0.01217007298013207,,2,0.7,,18.0,51.0,0.2154836904101727,0.9985014799031697
GradientBoosting,148,0.11616330058589301,0.08794145341301632,,7,sqrt,,7.0,484.0,0.34179147831115975,0.928344589261341
GradientBoosting,149,0.11551905639152034,0.03600794880519128,,5,sqrt,,8.0,333.0,0.32339548861054146,0.980024786820322
GradientBoosting,150,0.11431276713837583,0.041286800837132584,,3,sqrt,,8.0,250.0,0.3560998259150808,0.8493192507310232
GradientBoosting,151,0.11342218997787853,0.008325655134947815,,3,0.7,,7.0,435.0,0.005497167787383101,0.6727299868828402
GradientBoosting,152,0.11169435785417026,0.07859832116604226,,7,1.0,,18.0,149.0,0.2248458812633091,0.6043350605921193
GradientBoosting,153,0.11168070458880253,0.013952448099116976,,2,0.7,,9.0,316.0,0.028669965759111685,0.918106924743956
GradientBoosting,154,0.11051495621966216,0.02122814496801065,,2,0.5,,17.0,88.0,0.24906321749662333,0.7174367377057973
GradientBoosting,155,0.10619716983731146,0.04558121429816103,,2,0.5,,6.0,480.0,0.2974373406609884,0.885297914889198
GradientBoosting,156,0.10602523058155904,0.04816940302136268,,6,sqrt,,8.0,306.0,0.2631685818173899,0.7239747705074444
GradientBoosting,157,0.10436340852323991,0.03954659759420875,,2,0.5,,16.0,352.0,0.2726291053525769,0.7481888411165528
GradientBoosting,158,0.10328004525257684,0.027376575006857945,,7,log2,,4.0,312.0,0.35347380986089955,0.8639936184136716
GradientBoosting,159,0.10205807773545819,0.06947381139219663,,3,1.0,,12.0,375.0,0.3163112269840194,0.9657195226241996
GradientBoosting,160,0.10200181182698378,0.011311338627437596,,2,sqrt,,16.0,153.0,0.051374470893929366,0.9488495635776606
GradientBoosting,161,0.09884329055498617,0.010565591061126634,,2,0.5,,15.0,53.0,0.09245415720175122,0.6529104844501321
GradientBoosting,162,0.09816206286097044,0.04220022596449941,,3,0.5,,13.0,334.0,0.21868736507552836,0.6277445203500661
GradientBoosting,163,0.09068635278071788,0.04502881123210275,,2,1.0,,15.0,415.0,0.25018702660354114,0.7005769758047193
GradientBoosting,164,0.08871940814740917,0.00711579555671769,,5,sqrt,,7.0,83.0,0.008599479590772226,0.8216712010063174
GradientBoosting,165,0.08450714726251843,0.06098594915986538,,2,log2,,14.0,460.0,0.3071882006883621,0.6157248559364396
GradientBoosting,166,0.08119785439185642,0.04171835643319554,,2,1.0,,12.0,199.0,0.33780168104312375,0.6880388856324389
GradientBoosting,167,0.07365796586979648,0.05404048241273205,,5,log2,,7.0,355.0,0.3200900112175146,0.8359670747418533
GradientBoosting,168,0.07200620301287455,0.030300778458313377,,3,0.7,,9.0,171.0,0.3384376631572104,0.6752484638895045
GradientBoosting,169,0.07094957804292397,0.004623774812545581,,2,sqrt,,10.0,226.0,0.013314705746398177,0.8229221475560191
GradientBoosting,170,0.0604289385232845,0.03140736381145313,,4,0.5,,7.0,183.0,0.32502309855389144,0.7331263143649938
GradientBoosting,171,0.05991546180240741,0.0042474292443542075,,3,0.7,,18.0,62.0,0.013239330332868157,0.8374369814216195
GradientBoosting,172,0.059747129553319775,0.00396513373279125,,2,0.7,,5.0,102.0,0.01929263499238995,0.9166316174903394
GradientBoosting,173,0.057977882927068666,0.003714476279918672,,2,sqrt,,2.0,266.0,0.008168955130129702,0.8819702198755812
GradientBoosting,174,0.057559173090180216,0.03474872089301155,,3,0.7,,8.0,239.0,0.29209930400990025,0.6440207698110707
GradientBoosting,175,0.05657679556192741,0.003248307937998491,,2,0.5,,12.0,343.0,0.005107801959044862,0.7385383977463845
GradientBoosting,176,0.05546567056303633,0.003164733036802387,,2,sqrt,,2.0,185.0,0.010702959509924531,0.602208846849441
GradientBoosting,177,0.05360101201559784,0.002638551260677769,,3,1.0,,19.0,84.0,0.00795290888941017,0.7346216859554906
GradientBoosting,178,0.051354518457658746,0.0031143369356088136,,2,1.0,,11.0,88.0,0.015272530868998945,0.7288316662332713
GradientBoosting,179,0.05100768235744126,0.030121339339331574,,6,1.0,,4.0,125.0,0.4061631940305324,0.8264148841976305
GradientBoosting,180,0.04484877830430165,0.0024777607323171994,,4,0.5,,8.0,52.0,0.006662737901687007,0.9580827350748797
GradientBoosting,181,0.04028061102549434,0.06826890315845334,,2,0.7,,2.0,305.0,0.4228730016865738,0.7941119497105262
GradientBoosting,182,0.037060833194841256,0.0017499261496643735,,2,0.7,,3.0,59.0,0.015701758157671216,0.797592594852345
GradientBoosting,183,0.03170575823032014,0.012097822430216027,,5,0.5,,18.0,304.0,0.46802700512426854,0.9212559025519583
GradientBoosting,184,0.02380579759277617,0.05426124157758771,,4,log2,,16.0,193.0,0.3982761480847725,0.7793782087913279
GradientBoosting,185,0.021001541680441504,0.07044302622555823,,6,log2,,14.0,175.0,0.45607383234077836,0.8533603417266903
GradientBoosting,186,0.0205151441719561,0.002234572235049227,,2,sqrt,,3.0,102.0,0.005821990200937928,0.7957811041110252
GradientBoosting,187,0.007780337517110736,0.0519701727572803,,6,sqrt,,5.0,288.0,0.3737915530744367,0.70490561771993
GradientBoosting,188,-0.005776798164813024,0.04316178561945994,,5,0.5,,2.0,69.0,0.43147748370466593,0.6969638929660321
GradientBoosting,189,-0.0071873151564229906,0.05568682523234386,,2,0.5,,18.0,466.0,0.47154404318371723,0.7874772639179881
GradientBoosting,190,-0.023589378069009802,0.07483928042619016,,5,0.7,,4.0,161.0,0.37174059761243344,0.6405886171464128
GradientBoosting,191,-0.030586116349263292,0.044368783177527966,,7,1.0,,12.0,186.0,0.4256217623714436,0.6820007240212949
GradientBoosting,192,-0.035355213301144175,0.07269669328513026,,4,sqrt,,3.0,179.0,0.4948242492659276,0.7644148053272926
GradientBoosting,193,-0.056509009328760774,0.08612065099790335,,7,0.5,,2.0,351.0,0.3695762324725577,0.6943624138380324
GradientBoosting,194,-0.058807690493734285,0.05456943858380809,,4,sqrt,,10.0,466.0,0.44438523386186796,0.7644826883488745
GradientBoosting,195,-0.06102958516711739,0.08040321607208635,,7,log2,,13.0,324.0,0.4308923470178797,0.7258386227237643
GradientBoosting,196,-0.07652246569569257,0.0762435705576536,,6,log2,,2.0,368.0,0.4774088539641713,0.8726010888895717
GradientBoosting,197,-0.08648326154500467,0.044326091899728144,,5,0.7,,6.0,425.0,0.36576872572424196,0.609209041915055
GradientBoosting,198,-0.08749308933355829,0.1194086974410596,,7,log2,,4.0,162.0,0.42059547328228586,0.6592347719813599
GradientBoosting,199,-0.10131596191788642,0.09980250754281057,,6,1.0,,10.0,282.0,0.4263916652890905,0.7396838298450643
GradientBoosting,200,-0.317267126964773,0.1579734460234457,,6,sqrt,,2.0,486.0,0.46989465167063893,0.6407129890481614
